path,kind,qualname,name,action,simplifiable,lines,refs,dup_count,core_api,in_tests,reason,evidence
runner/_util.py,function,_is_truthy,_is_truthy,KEEP,否,7,14,1,False,False,规模≈7 行；引用次数≈14（静态近似，可能包含注释/字符串）；多点复用或涉及副作用/协议验收，过度简化会增加回归风险或降低可审计性,runner/_util.py:9; kind=function; refs≈14; lines≈7
runner/_util.py,function,_parse_json_str_list,_parse_json_str_list,KEEP,否,21,11,1,False,False,规模≈21 行；引用次数≈11（静态近似，可能包含注释/字符串）；多点复用或涉及副作用/协议验收，过度简化会增加回归风险或降低可审计性,runner/_util.py:18; kind=function; refs≈11; lines≈21
runner/_util.py,function,_read_json_object,_read_json_object,KEEP,否,12,11,1,False,False,规模≈12 行；引用次数≈11（静态近似，可能包含注释/字符串）；多点复用或涉及副作用/协议验收，过度简化会增加回归风险或降低可审计性,runner/_util.py:41; kind=function; refs≈11; lines≈12
runner/_util.py,function,_find_hf_test_parquet,_find_hf_test_parquet,KEEP,否,22,7,1,False,False,规模≈22 行；引用次数≈7（静态近似，可能包含注释/字符串）；多点复用或涉及副作用/协议验收，过度简化会增加回归风险或降低可审计性,runner/_util.py:56; kind=function; refs≈7; lines≈22
runner/_util.py,function,_ensure_openai_v1_base,_ensure_openai_v1_base,KEEP,否,9,8,1,False,False,规模≈9 行；引用次数≈8（静态近似，可能包含注释/字符串）；多点复用或涉及副作用/协议验收，过度简化会增加回归风险或降低可审计性,runner/_util.py:79; kind=function; refs≈8; lines≈9
runner/agent_client.py,class,AgentResult,AgentResult,KEEP,否,14,9,0,False,False,规模≈14 行；引用次数≈9（静态近似，可能包含注释/字符串）；多点复用或涉及副作用/协议验收，过度简化会增加回归风险或降低可审计性,runner/agent_client.py:14; kind=class; refs≈9; lines≈14
runner/agent_client.py,class,AgentClient,AgentClient,KEEP,否,36,6,0,False,False,规模≈36 行；引用次数≈6（静态近似，可能包含注释/字符串）；多点复用或涉及副作用/协议验收，过度简化会增加回归风险或降低可审计性,runner/agent_client.py:30; kind=class; refs≈6; lines≈36
runner/agent_client.py,method,AgentClient.run,run,KEEP,否,12,30,0,False,False,规模≈12 行；引用次数≈30（静态近似，可能包含注释/字符串）；多点复用或涉及副作用/协议验收，过度简化会增加回归风险或降低可审计性,runner/agent_client.py:41; kind=method; refs≈30; lines≈12
runner/agent_client.py,method,AgentClient.close,close,KEEP,否,12,10,0,False,False,规模≈12 行；引用次数≈10（静态近似，可能包含注释/字符串）；多点复用或涉及副作用/协议验收，过度简化会增加回归风险或降低可审计性,runner/agent_client.py:54; kind=method; refs≈10; lines≈12
runner/bootstrap.py,class,BootstrapSpec,BootstrapSpec,KEEP,否,32,5,0,False,False,规模≈32 行；引用次数≈5（静态近似，可能包含注释/字符串）；多点复用或涉及副作用/协议验收，过度简化会增加回归风险或降低可审计性,runner/bootstrap.py:23; kind=class; refs≈5; lines≈32
runner/bootstrap.py,method,BootstrapSpec.__post_init__,__post_init__,KEEP,是,14,0,0,False,False,规模≈14 行；引用次数≈0（静态近似，可能包含注释/字符串）；逻辑短且低复用，适合 inline/合并以减少符号面,runner/bootstrap.py:41; kind=method; refs≈0; lines≈14
runner/bootstrap.py,class,BootstrapLoadResult,BootstrapLoadResult,KEEP,否,18,4,0,False,False,规模≈18 行；引用次数≈4（静态近似，可能包含注释/字符串）；多点复用或涉及副作用/协议验收，过度简化会增加回归风险或降低可审计性,runner/bootstrap.py:54; kind=class; refs≈4; lines≈18
runner/bootstrap.py,method,BootstrapLoadResult.__post_init__,__post_init__,KEEP,是,7,0,0,False,False,规模≈7 行；引用次数≈0（静态近似，可能包含注释/字符串）；逻辑短且低复用，适合 inline/合并以减少符号面,runner/bootstrap.py:64; kind=method; refs≈0; lines≈7
runner/bootstrap.py,function,_expand_env_value,_expand_env_value,KEEP,否,43,3,1,False,False,规模≈43 行；引用次数≈3（静态近似，可能包含注释/字符串）；多点复用或涉及副作用/协议验收，过度简化会增加回归风险或降低可审计性,runner/bootstrap.py:83; kind=function; refs≈3; lines≈43
runner/bootstrap.py,function,_expand_env_value._brace,_brace,INLINE,是,11,3,0,False,False,规模≈11 行；引用次数≈3（静态近似，可能包含注释/字符串）；逻辑短且低复用，适合 inline/合并以减少符号面,runner/bootstrap.py:99; kind=function; refs≈3; lines≈11
runner/bootstrap.py,function,_expand_env_value._bare,_bare,INLINE,是,11,3,0,False,False,规模≈11 行；引用次数≈3（静态近似，可能包含注释/字符串）；逻辑短且低复用，适合 inline/合并以减少符号面,runner/bootstrap.py:111; kind=function; refs≈3; lines≈11
runner/bootstrap.py,function,_apply_env_mapping,_apply_env_mapping,INLINE,是,20,2,1,False,False,规模≈20 行；引用次数≈2（静态近似，可能包含注释/字符串）；逻辑短且低复用，适合 inline/合并以减少符号面,runner/bootstrap.py:128; kind=function; refs≈2; lines≈20
runner/bootstrap.py,function,_normalize_bootstrap_applied_env_paths,_normalize_bootstrap_applied_env_paths,KEEP,否,57,2,1,False,False,规模≈57 行；引用次数≈2（静态近似，可能包含注释/字符串）；多点复用或涉及副作用/协议验收，过度简化会增加回归风险或降低可审计性,runner/bootstrap.py:155; kind=function; refs≈2; lines≈57
runner/bootstrap.py,function,_is_sensitive_key,_is_sensitive_key,INLINE,是,12,2,1,False,False,规模≈12 行；引用次数≈2（静态近似，可能包含注释/字符串）；逻辑短且低复用，适合 inline/合并以减少符号面,runner/bootstrap.py:209; kind=function; refs≈2; lines≈12
runner/bootstrap.py,function,_redact_env,_redact_env,INLINE,是,17,2,1,False,False,规模≈17 行；引用次数≈2（静态近似，可能包含注释/字符串）；逻辑短且低复用，适合 inline/合并以减少符号面,runner/bootstrap.py:223; kind=function; refs≈2; lines≈17
runner/bootstrap.py,function,_as_optional_int,_as_optional_int,SIMPLIFY,部分,17,4,1,False,False,规模≈17 行；引用次数≈4（静态近似，可能包含注释/字符串）；可通过拆分/去重复/抽 helper 减少复杂度，但不建议完全内联,runner/bootstrap.py:237; kind=function; refs≈4; lines≈17
runner/bootstrap.py,function,_coerce_cmds,_coerce_cmds,KEEP,否,53,3,1,False,False,规模≈53 行；引用次数≈3（静态近似，可能包含注释/字符串）；多点复用或涉及副作用/协议验收，过度简化会增加回归风险或降低可审计性,runner/bootstrap.py:256; kind=function; refs≈3; lines≈53
runner/bootstrap.py,function,_normalize_bootstrap_mapping,_normalize_bootstrap_mapping,SIMPLIFY,部分,21,3,1,False,False,规模≈21 行；引用次数≈3（静态近似，可能包含注释/字符串）；可通过拆分/去重复/抽 helper 减少复杂度，但不建议完全内联,runner/bootstrap.py:311; kind=function; refs≈3; lines≈21
runner/bootstrap.py,function,load_bootstrap_spec_with_diagnostics,load_bootstrap_spec_with_diagnostics,KEEP,否,78,7,0,False,False,规模≈78 行；引用次数≈7（静态近似，可能包含注释/字符串）；多点复用或涉及副作用/协议验收，过度简化会增加回归风险或降低可审计性,runner/bootstrap.py:339; kind=function; refs≈7; lines≈78
runner/bootstrap.py,function,load_bootstrap_spec,load_bootstrap_spec,KEEP,否,12,5,0,False,False,规模≈12 行；引用次数≈5（静态近似，可能包含注释/字符串）；多点复用或涉及副作用/协议验收，过度简化会增加回归风险或降低可审计性,runner/bootstrap.py:419; kind=function; refs≈5; lines≈12
runner/bootstrap.py,function,run_bootstrap,run_bootstrap,KEEP,否,111,11,0,False,False,规模≈111 行；引用次数≈11（静态近似，可能包含注释/字符串）；多点复用或涉及副作用/协议验收，过度简化会增加回归风险或降低可审计性,runner/bootstrap.py:445; kind=function; refs≈11; lines≈111
runner/contract_hints.py,class,ContractHints,ContractHints,KEEP,否,9,5,0,False,False,规模≈9 行；引用次数≈5（静态近似，可能包含注释/字符串）；多点复用或涉及副作用/协议验收，过度简化会增加回归风险或降低可审计性,runner/contract_hints.py:13; kind=class; refs≈5; lines≈9
runner/contract_hints.py,function,_strip_prompt_prefix,_strip_prompt_prefix,SIMPLIFY,部分,16,4,1,False,False,规模≈16 行；引用次数≈4（静态近似，可能包含注释/字符串）；可通过拆分/去重复/抽 helper 减少复杂度，但不建议完全内联,runner/contract_hints.py:29; kind=function; refs≈4; lines≈16
runner/contract_hints.py,function,_looks_like_command,_looks_like_command,SIMPLIFY,部分,32,2,1,False,False,规模≈32 行；引用次数≈2（静态近似，可能包含注释/字符串）；可通过拆分/去重复/抽 helper 减少复杂度，但不建议完全内联,runner/contract_hints.py:70; kind=function; refs≈2; lines≈32
runner/contract_hints.py,function,_iter_md_paths,_iter_md_paths,INLINE,是,11,3,1,False,False,规模≈11 行；引用次数≈3（静态近似，可能包含注释/字符串）；逻辑短且低复用，适合 inline/合并以减少符号面,runner/contract_hints.py:103; kind=function; refs≈3; lines≈11
runner/contract_hints.py,function,_iter_workflow_paths,_iter_workflow_paths,INLINE,是,14,3,1,False,False,规模≈14 行；引用次数≈3（静态近似，可能包含注释/字符串）；逻辑短且低复用，适合 inline/合并以减少符号面,runner/contract_hints.py:116; kind=function; refs≈3; lines≈14
runner/contract_hints.py,function,_yaml_safe_load,_yaml_safe_load,INLINE,是,13,3,1,False,False,规模≈13 行；引用次数≈3（静态近似，可能包含注释/字符串）；逻辑短且低复用，适合 inline/合并以减少符号面,runner/contract_hints.py:132; kind=function; refs≈3; lines≈13
runner/contract_hints.py,function,_extract_workflow_run_scripts,_extract_workflow_run_scripts,SIMPLIFY,部分,30,2,1,False,False,规模≈30 行；引用次数≈2（静态近似，可能包含注释/字符串）；可通过拆分/去重复/抽 helper 减少复杂度，但不建议完全内联,runner/contract_hints.py:148; kind=function; refs≈2; lines≈30
runner/contract_hints.py,function,_split_script_lines,_split_script_lines,INLINE,是,13,2,1,False,False,规模≈13 行；引用次数≈2（静态近似，可能包含注释/字符串）；逻辑短且低复用，适合 inline/合并以减少符号面,runner/contract_hints.py:180; kind=function; refs≈2; lines≈13
runner/contract_hints.py,function,_join_with_continuations,_join_with_continuations,SIMPLIFY,部分,22,2,1,False,False,规模≈22 行；引用次数≈2（静态近似，可能包含注释/字符串）；可通过拆分/去重复/抽 helper 减少复杂度，但不建议完全内联,runner/contract_hints.py:195; kind=function; refs≈2; lines≈22
runner/contract_hints.py,function,_extract_workflow_candidates,_extract_workflow_candidates,KEEP,否,61,2,1,False,False,规模≈61 行；引用次数≈2（静态近似，可能包含注释/字符串）；多点复用或涉及副作用/协议验收，过度简化会增加回归风险或降低可审计性,runner/contract_hints.py:232; kind=function; refs≈2; lines≈61
runner/contract_hints.py,function,_tokenize_hint,_tokenize_hint,INLINE,是,11,3,1,False,False,规模≈11 行；引用次数≈3（静态近似，可能包含注释/字符串）；逻辑短且低复用，适合 inline/合并以减少符号面,runner/contract_hints.py:281; kind=function; refs≈3; lines≈11
runner/contract_hints.py,function,_extract_anchors,_extract_anchors,KEEP,否,102,4,1,False,False,规模≈102 行；引用次数≈4（静态近似，可能包含注释/字符串）；多点复用或涉及副作用/协议验收，过度简化会增加回归风险或降低可审计性,runner/contract_hints.py:298; kind=function; refs≈4; lines≈102
runner/contract_hints.py,function,suggest_contract_hints,suggest_contract_hints,KEEP,否,92,12,0,False,False,规模≈92 行；引用次数≈12（静态近似，可能包含注释/字符串）；多点复用或涉及副作用/协议验收，过度简化会增加回归风险或降低可审计性,runner/contract_hints.py:403; kind=function; refs≈12; lines≈92
runner/contract_provenance.py,function,_file_meta,_file_meta,SIMPLIFY,部分,14,5,1,False,False,规模≈14 行；引用次数≈5（静态近似，可能包含注释/字符串）；可通过拆分/去重复/抽 helper 减少复杂度，但不建议完全内联,runner/contract_provenance.py:11; kind=function; refs≈5; lines≈14
runner/contract_provenance.py,function,snapshot_contract_files,snapshot_contract_files,KEEP,否,38,10,0,False,False,规模≈38 行；引用次数≈10（静态近似，可能包含注释/字符串）；多点复用或涉及副作用/协议验收，过度简化会增加回归风险或降低可审计性,runner/contract_provenance.py:34; kind=function; refs≈10; lines≈38
runner/contract_provenance.py,function,_normalize_rel_to_repo,_normalize_rel_to_repo,INLINE,是,17,3,1,False,False,规模≈17 行；引用次数≈3（静态近似，可能包含注释/字符串）；逻辑短且低复用，适合 inline/合并以减少符号面,runner/contract_provenance.py:67; kind=function; refs≈3; lines≈17
runner/contract_provenance.py,function,extract_tool_written_paths,extract_tool_written_paths,KEEP,否,24,2,0,False,False,规模≈24 行；引用次数≈2（静态近似，可能包含注释/字符串）；多点复用或涉及副作用/协议验收，过度简化会增加回归风险或降低可审计性,runner/contract_provenance.py:87; kind=function; refs≈2; lines≈24
runner/contract_provenance.py,function,_status,_status,SIMPLIFY,部分,16,4,1,False,False,规模≈16 行；引用次数≈4（静态近似，可能包含注释/字符串）；可通过拆分/去重复/抽 helper 减少复杂度，但不建议完全内联,runner/contract_provenance.py:112; kind=function; refs≈4; lines≈16
runner/contract_provenance.py,function,changed_paths,changed_paths,KEEP,否,10,4,0,False,False,规模≈10 行；引用次数≈4（静态近似，可能包含注释/字符串）；多点复用或涉及副作用/协议验收，过度简化会增加回归风险或降低可审计性,runner/contract_provenance.py:130; kind=function; refs≈4; lines≈10
runner/contract_provenance.py,function,build_contract_provenance_report,build_contract_provenance_report,KEEP,否,62,8,0,False,False,规模≈62 行；引用次数≈8（静态近似，可能包含注释/字符串）；多点复用或涉及副作用/协议验收，过度简化会增加回归风险或降低可审计性,runner/contract_provenance.py:142; kind=function; refs≈8; lines≈62
runner/contract_provenance.py,function,dump_provenance,dump_provenance,KEEP,否,7,6,0,False,False,规模≈7 行；引用次数≈6（静态近似，可能包含注释/字符串）；多点复用或涉及副作用/协议验收，过度简化会增加回归风险或降低可审计性,runner/contract_provenance.py:206; kind=function; refs≈6; lines≈7
runner/contract_repair.py,function,_read_text_tail,_read_text_tail,KEEP,否,9,22,1,False,False,规模≈9 行；引用次数≈22（静态近似，可能包含注释/字符串）；多点复用或涉及副作用/协议验收，过度简化会增加回归风险或降低可审计性,runner/contract_repair.py:15; kind=function; refs≈22; lines≈9
runner/contract_repair.py,function,_build_contract_validation_snapshot,_build_contract_validation_snapshot,SIMPLIFY,部分,28,2,1,False,False,规模≈28 行；引用次数≈2（静态近似，可能包含注释/字符串）；可通过拆分/去重复/抽 helper 减少复杂度，但不建议完全内联,runner/contract_repair.py:27; kind=function; refs≈2; lines≈28
runner/contract_repair.py,function,_bootstrap_artifacts_tail,_bootstrap_artifacts_tail,KEEP,否,51,3,1,False,False,规模≈51 行；引用次数≈3（静态近似，可能包含注释/字符串）；多点复用或涉及副作用/协议验收，过度简化会增加回归风险或降低可审计性,runner/contract_repair.py:62; kind=function; refs≈3; lines≈51
runner/contract_repair.py,function,_bootstrap_artifacts_tail._mtime,_mtime,KEEP,否,9,6,0,False,False,规模≈9 行；引用次数≈6（静态近似，可能包含注释/字符串）；多点复用或涉及副作用/协议验收，过度简化会增加回归风险或降低可审计性,runner/contract_repair.py:83; kind=function; refs≈6; lines≈9
runner/contract_repair.py,function,repair_contract,repair_contract,SIMPLIFY,部分,304,10,0,False,False,规模≈304 行；引用次数≈10（静态近似，可能包含注释/字符串）；可通过拆分/去重复/抽 helper 减少复杂度，但不建议完全内联,runner/contract_repair.py:134; kind=function; refs≈10; lines≈304
runner/env.py,function,_now_run_id,_now_run_id,INLINE,是,6,3,1,False,False,规模≈6 行；引用次数≈3（静态近似，可能包含注释/字符串）；逻辑短且低复用，适合 inline/合并以减少符号面,runner/env.py:38; kind=function; refs≈3; lines≈6
runner/env.py,function,_resolve_path,_resolve_path,SIMPLIFY,部分,6,5,1,False,False,规模≈6 行；引用次数≈5（静态近似，可能包含注释/字符串）；可通过拆分/去重复/抽 helper 减少复杂度，但不建议完全内联,runner/env.py:46; kind=function; refs≈5; lines≈6
runner/env.py,function,_resolve_llm,_resolve_llm,SIMPLIFY,部分,38,2,1,False,False,规模≈38 行；引用次数≈2（静态近似，可能包含注释/字符串）；可通过拆分/去重复/抽 helper 减少复杂度，但不建议完全内联,runner/env.py:59; kind=function; refs≈2; lines≈38
runner/env.py,function,_resolve_run_root,_resolve_run_root,SIMPLIFY,部分,11,5,1,False,False,规模≈11 行；引用次数≈5（静态近似，可能包含注释/字符串）；可通过拆分/去重复/抽 helper 减少复杂度，但不建议完全内联,runner/env.py:94; kind=function; refs≈5; lines≈11
runner/env.py,function,_inject_openai_base_compat,_inject_openai_base_compat,SIMPLIFY,部分,22,2,1,False,False,规模≈22 行；引用次数≈2（静态近似，可能包含注释/字符串）；可通过拆分/去重复/抽 helper 减少复杂度，但不建议完全内联,runner/env.py:113; kind=function; refs≈2; lines≈22
runner/env.py,function,_runtime_openai_config,_runtime_openai_config,SIMPLIFY,部分,26,2,1,False,False,规模≈26 行；引用次数≈2（静态近似，可能包含注释/字符串）；可通过拆分/去重复/抽 helper 减少复杂度，但不建议完全内联,runner/env.py:132; kind=function; refs≈2; lines≈26
runner/env.py,function,_verification_errors_summary,_verification_errors_summary,INLINE,是,18,3,1,False,False,规模≈18 行；引用次数≈3（静态近似，可能包含注释/字符串）；逻辑短且低复用，适合 inline/合并以减少符号面,runner/env.py:160; kind=function; refs≈3; lines≈18
runner/env.py,function,_hf_parquet_qa_rows,_hf_parquet_qa_rows,SIMPLIFY,部分,34,2,1,False,False,规模≈34 行；引用次数≈2（静态近似，可能包含注释/字符串）；可通过拆分/去重复/抽 helper 减少复杂度，但不建议完全内联,runner/env.py:180; kind=function; refs≈2; lines≈34
runner/env.py,function,_hf_parquet_qa_question_samples,_hf_parquet_qa_question_samples,KEEP,否,43,2,1,False,False,规模≈43 行；引用次数≈2（静态近似，可能包含注释/字符串）；多点复用或涉及副作用/协议验收，过度简化会增加回归风险或降低可审计性,runner/env.py:216; kind=function; refs≈2; lines≈43
runner/env.py,function,_validate_rollout_samples,_validate_rollout_samples,SIMPLIFY,部分,165,10,1,False,False,规模≈165 行；引用次数≈10（静态近似，可能包含注释/字符串）；可通过拆分/去重复/抽 helper 减少复杂度，但不建议完全内联,runner/env.py:280; kind=function; refs≈10; lines≈165
runner/env.py,function,_validate_rollout_samples._norm_ws,_norm_ws,SIMPLIFY,部分,6,4,0,False,False,规模≈6 行；引用次数≈4（静态近似，可能包含注释/字符串）；可通过拆分/去重复/抽 helper 减少复杂度，但不建议完全内联,runner/env.py:346; kind=function; refs≈4; lines≈6
runner/env.py,class,EnvSession,EnvSession,KEEP,否,465,15,0,False,False,规模≈465 行；引用次数≈15（静态近似，可能包含注释/字符串）；多点复用或涉及副作用/协议验收，过度简化会增加回归风险或降低可审计性,runner/env.py:434; kind=class; refs≈15; lines≈465
runner/env.py,method,EnvSession._audit_mode,_audit_mode,SIMPLIFY,部分,9,4,0,False,False,规模≈9 行；引用次数≈4（静态近似，可能包含注释/字符串）；可通过拆分/去重复/抽 helper 减少复杂度，但不建议完全内联,runner/env.py:460; kind=method; refs≈4; lines≈9
runner/env.py,method,EnvSession._set_llm,_set_llm,INLINE,是,9,2,0,False,False,规模≈9 行；引用次数≈2（静态近似，可能包含注释/字符串）；逻辑短且低复用，适合 inline/合并以减少符号面,runner/env.py:470; kind=method; refs≈2; lines≈9
runner/env.py,method,EnvSession._apply_llm_overrides,_apply_llm_overrides,SIMPLIFY,部分,24,2,0,False,False,规模≈24 行；引用次数≈2（静态近似，可能包含注释/字符串）；可通过拆分/去重复/抽 helper 减少复杂度，但不建议完全内联,runner/env.py:481; kind=method; refs≈2; lines≈24
runner/env.py,method,EnvSession._base_overrides,_base_overrides,SIMPLIFY,部分,31,3,0,False,False,规模≈31 行；引用次数≈3（静态近似，可能包含注释/字符串）；可通过拆分/去重复/抽 helper 减少复杂度，但不建议完全内联,runner/env.py:505; kind=method; refs≈3; lines≈31
runner/env.py,method,EnvSession._apply_runtime_env_inference_overrides,_apply_runtime_env_inference_overrides,SIMPLIFY,部分,21,3,0,False,False,规模≈21 行；引用次数≈3（静态近似，可能包含注释/字符串）；可通过拆分/去重复/抽 helper 减少复杂度，但不建议完全内联,runner/env.py:537; kind=method; refs≈3; lines≈21
runner/env.py,method,EnvSession._maybe_teardown,_maybe_teardown,INLINE,是,14,3,0,False,False,规模≈14 行；引用次数≈3（静态近似，可能包含注释/字符串）；逻辑短且低复用，适合 inline/合并以减少符号面,runner/env.py:559; kind=method; refs≈3; lines≈14
runner/env.py,method,EnvSession.rollout,rollout,KEEP,否,121,3,0,True,False,公共 API/关键编排点；规模≈121 行；引用次数≈3（静态近似，可能包含注释/字符串）；多点复用或涉及副作用/协议验收，过度简化会增加回归风险或降低可审计性,runner/env.py:574; kind=method; refs≈3; lines≈121
runner/env.py,method,EnvSession._evaluation,_evaluation,SIMPLIFY,部分,168,1,0,False,False,规模≈168 行；引用次数≈1（静态近似，可能包含注释/字符串）；可通过拆分/去重复/抽 helper 减少复杂度，但不建议完全内联,runner/env.py:696; kind=method; refs≈1; lines≈168
runner/env.py,method,EnvSession.evaluate,evaluate,KEEP,否,28,6,0,True,False,公共 API/关键编排点；规模≈28 行；引用次数≈6（静态近似，可能包含注释/字符串）；多点复用或涉及副作用/协议验收，过度简化会增加回归风险或降低可审计性,runner/env.py:865; kind=method; refs≈6; lines≈28
runner/env.py,function,setup,setup,KEEP,否,87,28,0,True,False,公共 API/关键编排点；规模≈87 行；引用次数≈28（静态近似，可能包含注释/字符串）；多点复用或涉及副作用/协议验收，过度简化会增加回归风险或降低可审计性,runner/env.py:925; kind=function; refs≈28; lines≈87
runner/env_local.py,function,_classify_opencode_transport_error,_classify_opencode_transport_error,SIMPLIFY,部分,22,4,1,False,False,规模≈22 行；引用次数≈4（静态近似，可能包含注释/字符串）；可通过拆分/去重复/抽 helper 减少复杂度，但不建议完全内联,runner/env_local.py:31; kind=function; refs≈4; lines≈22
runner/env_local.py,class,EnvHandle,EnvHandle,KEEP,否,14,19,0,False,False,规模≈14 行；引用次数≈19（静态近似，可能包含注释/字符串）；多点复用或涉及副作用/协议验收，过度简化会增加回归风险或降低可审计性,runner/env_local.py:61; kind=class; refs≈19; lines≈14
runner/env_local.py,class,RolloutCallResult,RolloutCallResult,KEEP,否,15,12,0,False,False,规模≈15 行；引用次数≈12（静态近似，可能包含注释/字符串）；多点复用或涉及副作用/协议验收，过度简化会增加回归风险或降低可审计性,runner/env_local.py:78; kind=class; refs≈12; lines≈15
runner/env_local.py,class,EvaluationCallResult,EvaluationCallResult,KEEP,否,16,13,0,False,False,规模≈16 行；引用次数≈13（静态近似，可能包含注释/字符串）；多点复用或涉及副作用/协议验收，过度简化会增加回归风险或降低可审计性,runner/env_local.py:96; kind=class; refs≈13; lines≈16
runner/env_local.py,class,DeployCallResult,DeployCallResult,KEEP,否,16,5,0,False,False,规模≈16 行；引用次数≈5（静态近似，可能包含注释/字符串）；多点复用或涉及副作用/协议验收，过度简化会增加回归风险或降低可审计性,runner/env_local.py:115; kind=class; refs≈5; lines≈16
runner/env_local.py,function,_default_artifacts_dir,_default_artifacts_dir,KEEP,否,12,7,1,False,False,规模≈12 行；引用次数≈7（静态近似，可能包含注释/字符串）；多点复用或涉及副作用/协议验收，过度简化会增加回归风险或降低可审计性,runner/env_local.py:133; kind=function; refs≈7; lines≈12
runner/env_local.py,function,_list_opencode_models,_list_opencode_models,SIMPLIFY,部分,32,4,1,False,False,规模≈32 行；引用次数≈4（静态近似，可能包含注释/字符串）；可通过拆分/去重复/抽 helper 减少复杂度，但不建议完全内联,runner/env_local.py:147; kind=function; refs≈4; lines≈32
runner/env_local.py,function,_resolve_model,_resolve_model,KEEP,否,62,3,1,False,False,规模≈62 行；引用次数≈3（静态近似，可能包含注释/字符串）；多点复用或涉及副作用/协议验收，过度简化会增加回归风险或降低可审计性,runner/env_local.py:181; kind=function; refs≈3; lines≈62
runner/env_local.py,function,open_env,open_env,SIMPLIFY,部分,287,9,0,False,False,规模≈287 行；引用次数≈9（静态近似，可能包含注释/字符串）；可通过拆分/去重复/抽 helper 减少复杂度，但不建议完全内联,runner/env_local.py:273; kind=function; refs≈9; lines≈287
runner/env_local.py,function,open_env._write_scaffold_provenance,_write_scaffold_provenance,KEEP,否,22,6,0,False,False,规模≈22 行；引用次数≈6（静态近似，可能包含注释/字符串）；多点复用或涉及副作用/协议验收，过度简化会增加回归风险或降低可审计性,runner/env_local.py:303; kind=function; refs≈6; lines≈22
runner/env_local.py,function,_merge_env,_merge_env,KEEP,否,14,9,1,False,False,规模≈14 行；引用次数≈9（静态近似，可能包含注释/字符串）；多点复用或涉及副作用/协议验收，过度简化会增加回归风险或降低可审计性,runner/env_local.py:534; kind=function; refs≈9; lines≈14
runner/env_local.py,function,_stage_only_pipeline,_stage_only_pipeline,KEEP,否,59,5,1,False,False,规模≈59 行；引用次数≈5（静态近似，可能包含注释/字符串）；多点复用或涉及副作用/协议验收，过度简化会增加回归风险或降低可审计性,runner/env_local.py:558; kind=function; refs≈5; lines≈59
runner/env_local.py,function,rollout,rollout,KEEP,否,61,190,0,False,False,规模≈61 行；引用次数≈190（静态近似，可能包含注释/字符串）；多点复用或涉及副作用/协议验收，过度简化会增加回归风险或降低可审计性,runner/env_local.py:618; kind=function; refs≈190; lines≈61
runner/env_local.py,function,evaluate,evaluate,KEEP,否,68,34,0,False,False,规模≈68 行；引用次数≈34（静态近似，可能包含注释/字符串）；多点复用或涉及副作用/协议验收，过度简化会增加回归风险或降低可审计性,runner/env_local.py:681; kind=function; refs≈34; lines≈68
runner/env_local.py,function,rollout_and_evaluate,rollout_and_evaluate,KEEP,否,80,9,0,False,False,规模≈80 行；引用次数≈9（静态近似，可能包含注释/字符串）；多点复用或涉及副作用/协议验收，过度简化会增加回归风险或降低可审计性,runner/env_local.py:751; kind=function; refs≈9; lines≈80
runner/env_local.py,function,with_env_vars,with_env_vars,KEEP,否,15,2,0,False,False,规模≈15 行；引用次数≈2（静态近似，可能包含注释/字符串）；多点复用或涉及副作用/协议验收，过度简化会增加回归风险或降低可审计性,runner/env_local.py:829; kind=function; refs≈2; lines≈15
runner/env_local.py,function,with_runtime_env_path,with_runtime_env_path,KEEP,否,12,6,0,False,False,规模≈12 行；引用次数≈6（静态近似，可能包含注释/字符串）；多点复用或涉及副作用/协议验收，过度简化会增加回归风险或降低可审计性,runner/env_local.py:843; kind=function; refs≈6; lines≈12
runner/env_local.py,function,deploy,deploy,KEEP,否,90,84,0,False,False,规模≈90 行；引用次数≈84（静态近似，可能包含注释/字符串）；多点复用或涉及副作用/协议验收，过度简化会增加回归风险或降低可审计性,runner/env_local.py:868; kind=function; refs≈84; lines≈90
runner/env_local.py,function,deploy_teardown,deploy_teardown,KEEP,否,63,22,0,False,False,规模≈63 行；引用次数≈22（静态近似，可能包含注释/字符串）；多点复用或涉及副作用/协议验收，过度简化会增加回归风险或降低可审计性,runner/env_local.py:958; kind=function; refs≈22; lines≈63
runner/eval_audit.py,function,audit_eval_script_for_hardcoded_nonzero_score,audit_eval_script_for_hardcoded_nonzero_score,KEEP,否,37,9,0,False,False,规模≈37 行；引用次数≈9（静态近似，可能包含注释/字符串）；多点复用或涉及副作用/协议验收，过度简化会增加回归风险或降低可审计性,runner/eval_audit.py:13; kind=function; refs≈9; lines≈37
runner/eval_audit.py,function,_looks_like_python_exec,_looks_like_python_exec,SIMPLIFY,部分,27,3,1,False,False,规模≈27 行；引用次数≈3（静态近似，可能包含注释/字符串）；可通过拆分/去重复/抽 helper 减少复杂度，但不建议完全内联,runner/eval_audit.py:47; kind=function; refs≈3; lines≈27
runner/eval_audit.py,function,audit_eval_script_has_real_execution,audit_eval_script_has_real_execution,KEEP,否,67,6,0,False,False,规模≈67 行；引用次数≈6（静态近似，可能包含注释/字符串）；多点复用或涉及副作用/协议验收，过度简化会增加回归风险或降低可审计性,runner/eval_audit.py:81; kind=function; refs≈6; lines≈67
runner/eval_audit.py,function,audit_eval_script_mentions_any_anchor,audit_eval_script_mentions_any_anchor,KEEP,否,61,4,0,False,False,规模≈61 行；引用次数≈4（静态近似，可能包含注释/字符串）；多点复用或涉及副作用/协议验收，过度简化会增加回归风险或降低可审计性,runner/eval_audit.py:146; kind=function; refs≈4; lines≈61
runner/generic_evaluation.py,function,_write_json,_write_json,KEEP,否,7,20,1,False,False,规模≈7 行；引用次数≈20（静态近似，可能包含注释/字符串）；多点复用或涉及副作用/协议验收，过度简化会增加回归风险或降低可审计性,runner/generic_evaluation.py:33; kind=function; refs≈20; lines≈7
runner/generic_evaluation.py,function,_reward_average_from_rollout,_reward_average_from_rollout,KEEP,否,59,2,1,False,False,规模≈59 行；引用次数≈2（静态近似，可能包含注释/字符串）；多点复用或涉及副作用/协议验收，过度简化会增加回归风险或降低可审计性,runner/generic_evaluation.py:43; kind=function; refs≈2; lines≈59
runner/generic_evaluation.py,function,main,main,KEEP,否,69,27,0,False,False,规模≈69 行；引用次数≈27（静态近似，可能包含注释/字符串）；多点复用或涉及副作用/协议验收，过度简化会增加回归风险或降低可审计性,runner/generic_evaluation.py:103; kind=function; refs≈27; lines≈69
runner/generic_rollout.py,function,_now_iso,_now_iso,SIMPLIFY,部分,6,4,1,False,False,规模≈6 行；引用次数≈4（静态近似，可能包含注释/字符串）；可通过拆分/去重复/抽 helper 减少复杂度，但不建议完全内联,runner/generic_rollout.py:35; kind=function; refs≈4; lines≈6
runner/generic_rollout.py,function,_read_text,_read_text,INLINE,是,12,3,1,False,False,规模≈12 行；引用次数≈3（静态近似，可能包含注释/字符串）；逻辑短且低复用，适合 inline/合并以减少符号面,runner/generic_rollout.py:43; kind=function; refs≈3; lines≈12
runner/generic_rollout.py,function,_read_hf_manifest,_read_hf_manifest,INLINE,是,9,3,1,False,False,规模≈9 行；引用次数≈3（静态近似，可能包含注释/字符串）；逻辑短且低复用，适合 inline/合并以减少符号面,runner/generic_rollout.py:57; kind=function; refs≈3; lines≈9
runner/generic_rollout.py,function,_resolve_openai_base,_resolve_openai_base,SIMPLIFY,部分,31,3,1,False,False,规模≈31 行；引用次数≈3（静态近似，可能包含注释/字符串）；可通过拆分/去重复/抽 helper 减少复杂度，但不建议完全内联,runner/generic_rollout.py:68; kind=function; refs≈3; lines≈31
runner/generic_rollout.py,function,_env_int,_env_int,KEEP,否,13,7,1,False,False,规模≈13 行；引用次数≈7（静态近似，可能包含注释/字符串）；多点复用或涉及副作用/协议验收，过度简化会增加回归风险或降低可审计性,runner/generic_rollout.py:101; kind=function; refs≈7; lines≈13
runner/generic_rollout.py,function,_chat_completion,_chat_completion,KEEP,否,41,4,1,False,False,规模≈41 行；引用次数≈4（静态近似，可能包含注释/字符串）；多点复用或涉及副作用/协议验收，过度简化会增加回归风险或降低可审计性,runner/generic_rollout.py:116; kind=function; refs≈4; lines≈41
runner/generic_rollout.py,function,_norm_number_str,_norm_number_str,SIMPLIFY,部分,6,5,1,False,False,规模≈6 行；引用次数≈5（静态近似，可能包含注释/字符串）；可通过拆分/去重复/抽 helper 减少复杂度，但不建议完全内联,runner/generic_rollout.py:165; kind=function; refs≈5; lines≈6
runner/generic_rollout.py,function,_to_fraction,_to_fraction,SIMPLIFY,部分,10,4,1,False,False,规模≈10 行；引用次数≈4（静态近似，可能包含注释/字符串）；可通过拆分/去重复/抽 helper 减少复杂度，但不建议完全内联,runner/generic_rollout.py:173; kind=function; refs≈4; lines≈10
runner/generic_rollout.py,function,_extract_final_line,_extract_final_line,SIMPLIFY,部分,18,4,1,False,False,规模≈18 行；引用次数≈4（静态近似，可能包含注释/字符串）；可通过拆分/去重复/抽 helper 减少复杂度，但不建议完全内联,runner/generic_rollout.py:185; kind=function; refs≈4; lines≈18
runner/generic_rollout.py,function,_norm_answer_str,_norm_answer_str,SIMPLIFY,部分,8,4,1,False,False,规模≈8 行；引用次数≈4（静态近似，可能包含注释/字符串）；可通过拆分/去重复/抽 helper 减少复杂度，但不建议完全内联,runner/generic_rollout.py:205; kind=function; refs≈4; lines≈8
runner/generic_rollout.py,function,_extract_last_number,_extract_last_number,SIMPLIFY,部分,9,4,1,False,False,规模≈9 行；引用次数≈4（静态近似，可能包含注释/字符串）；可通过拆分/去重复/抽 helper 减少复杂度，但不建议完全内联,runner/generic_rollout.py:215; kind=function; refs≈4; lines≈9
runner/generic_rollout.py,function,_answers_match,_answers_match,INLINE,是,18,3,1,False,False,规模≈18 行；引用次数≈3（静态近似，可能包含注释/字符串）；逻辑短且低复用，适合 inline/合并以减少符号面,runner/generic_rollout.py:226; kind=function; refs≈3; lines≈18
runner/generic_rollout.py,function,_maybe_rollout_hf_qa_parquet,_maybe_rollout_hf_qa_parquet,KEEP,否,106,2,1,False,False,规模≈106 行；引用次数≈2（静态近似，可能包含注释/字符串）；多点复用或涉及副作用/协议验收，过度简化会增加回归风险或降低可审计性,runner/generic_rollout.py:262; kind=function; refs≈2; lines≈106
runner/generic_rollout.py,function,_build_prompts,_build_prompts,SIMPLIFY,部分,31,3,1,False,False,规模≈31 行；引用次数≈3（静态近似，可能包含注释/字符串）；可通过拆分/去重复/抽 helper 减少复杂度，但不建议完全内联,runner/generic_rollout.py:354; kind=function; refs≈3; lines≈31
runner/generic_rollout.py,function,main,main,KEEP,否,75,27,0,False,False,规模≈75 行；引用次数≈27（静态近似，可能包含注释/字符串）；多点复用或涉及副作用/协议验收，过度简化会增加回归风险或降低可审计性,runner/generic_rollout.py:387; kind=function; refs≈27; lines≈75
runner/hints_exec.py,function,_read_hints_file,_read_hints_file,INLINE,是,16,3,1,False,False,规模≈16 行；引用次数≈3（静态近似，可能包含注释/字符串）；逻辑短且低复用，适合 inline/合并以减少符号面,runner/hints_exec.py:22; kind=function; refs≈3; lines≈16
runner/hints_exec.py,function,_find_latest_scaffold_hints_file,_find_latest_scaffold_hints_file,INLINE,是,14,3,1,False,False,规模≈14 行；引用次数≈3（静态近似，可能包含注释/字符串）；逻辑短且低复用，适合 inline/合并以减少符号面,runner/hints_exec.py:40; kind=function; refs≈3; lines≈14
runner/hints_exec.py,function,_replace_flag_value,_replace_flag_value,KEEP,否,25,6,1,False,False,规模≈25 行；引用次数≈6（静态近似，可能包含注释/字符串）；多点复用或涉及副作用/协议验收，过度简化会增加回归风险或降低可审计性,runner/hints_exec.py:59; kind=function; refs≈6; lines≈25
runner/hints_exec.py,function,_replace_flag_value.repl,repl,KEEP,否,12,3,0,False,False,规模≈12 行；引用次数≈3（静态近似，可能包含注释/字符串）；多点复用或涉及副作用/协议验收，过度简化会增加回归风险或降低可审计性,runner/hints_exec.py:70; kind=function; refs≈3; lines≈12
runner/hints_exec.py,function,_as_major_minor,_as_major_minor,SIMPLIFY,部分,19,5,1,False,False,规模≈19 行；引用次数≈5（静态近似，可能包含注释/字符串）；可通过拆分/去重复/抽 helper 减少复杂度，但不建议完全内联,runner/hints_exec.py:144; kind=function; refs≈5; lines≈19
runner/hints_exec.py,function,_infer_repo_python_pin,_infer_repo_python_pin,SIMPLIFY,部分,40,2,1,False,False,规模≈40 行；引用次数≈2（静态近似，可能包含注释/字符串）；可通过拆分/去重复/抽 helper 减少复杂度，但不建议完全内联,runner/hints_exec.py:166; kind=function; refs≈2; lines≈40
runner/hints_exec.py,function,_infer_repo_requires_python,_infer_repo_requires_python,KEEP,否,53,2,1,False,False,规模≈53 行；引用次数≈2（静态近似，可能包含注释/字符串）；多点复用或涉及副作用/协议验收，过度简化会增加回归风险或降低可审计性,runner/hints_exec.py:208; kind=function; refs≈2; lines≈53
runner/hints_exec.py,function,_best_python_minor_from_spec,_best_python_minor_from_spec,KEEP,否,42,2,1,False,False,规模≈42 行；引用次数≈2（静态近似，可能包含注释/字符串）；多点复用或涉及副作用/协议验收，过度简化会增加回归风险或降低可审计性,runner/hints_exec.py:263; kind=function; refs≈2; lines≈42
runner/hints_exec.py,function,_infer_uv_python_candidates,_infer_uv_python_candidates,KEEP,否,51,2,1,False,False,规模≈51 行；引用次数≈2（静态近似，可能包含注释/字符串）；多点复用或涉及副作用/协议验收，过度简化会增加回归风险或降低可审计性,runner/hints_exec.py:307; kind=function; refs≈2; lines≈51
runner/hints_exec.py,function,_canonical_base_url,_canonical_base_url,SIMPLIFY,部分,12,4,1,False,False,规模≈12 行；引用次数≈4（静态近似，可能包含注释/字符串）；可通过拆分/去重复/抽 helper 减少复杂度，但不建议完全内联,runner/hints_exec.py:359; kind=function; refs≈4; lines≈12
runner/hints_exec.py,function,_first_command_line,_first_command_line,KEEP,否,10,7,1,False,False,规模≈10 行；引用次数≈7（静态近似，可能包含注释/字符串）；多点复用或涉及副作用/协议验收，过度简化会增加回归风险或降低可审计性,runner/hints_exec.py:373; kind=function; refs≈7; lines≈10
runner/hints_exec.py,function,_extract_cli_flag_value,_extract_cli_flag_value,SIMPLIFY,部分,21,5,1,False,False,规模≈21 行；引用次数≈5（静态近似，可能包含注释/字符串）；可通过拆分/去重复/抽 helper 减少复杂度，但不建议完全内联,runner/hints_exec.py:385; kind=function; refs≈5; lines≈21
runner/hints_exec.py,function,_extract_cli_flag_value_any,_extract_cli_flag_value_any,SIMPLIFY,部分,10,5,1,False,False,规模≈10 行；引用次数≈5（静态近似，可能包含注释/字符串）；可通过拆分/去重复/抽 helper 减少复杂度，但不建议完全内联,runner/hints_exec.py:408; kind=function; refs≈5; lines≈10
runner/hints_exec.py,function,_hint_backend,_hint_backend,SIMPLIFY,部分,13,4,1,False,False,规模≈13 行；引用次数≈4（静态近似，可能包含注释/字符串）；可通过拆分/去重复/抽 helper 减少复杂度，但不建议完全内联,runner/hints_exec.py:420; kind=function; refs≈4; lines≈13
runner/hints_exec.py,function,_is_remote_openai_hint,_is_remote_openai_hint,SIMPLIFY,部分,6,4,1,False,False,规模≈6 行；引用次数≈4（静态近似，可能包含注释/字符串）；可通过拆分/去重复/抽 helper 减少复杂度，但不建议完全内联,runner/hints_exec.py:435; kind=function; refs≈4; lines≈6
runner/hints_exec.py,function,_contains_openai_auth_error,_contains_openai_auth_error,INLINE,是,15,3,1,False,False,规模≈15 行；引用次数≈3（静态近似，可能包含注释/字符串）；逻辑短且低复用，适合 inline/合并以减少符号面,runner/hints_exec.py:443; kind=function; refs≈3; lines≈15
runner/hints_exec.py,function,_normalize_score,_normalize_score,SIMPLIFY,部分,14,4,1,False,False,规模≈14 行；引用次数≈4（静态近似，可能包含注释/字符串）；可通过拆分/去重复/抽 helper 减少复杂度，但不建议完全内联,runner/hints_exec.py:465; kind=function; refs≈4; lines≈14
runner/hints_exec.py,function,_extract_score_from_text,_extract_score_from_text,SIMPLIFY,部分,26,2,1,False,False,规模≈26 行；引用次数≈2（静态近似，可能包含注释/字符串）；可通过拆分/去重复/抽 helper 减少复杂度，但不建议完全内联,runner/hints_exec.py:482; kind=function; refs≈2; lines≈26
runner/hints_exec.py,function,_extract_score_from_json_obj,_extract_score_from_json_obj,SIMPLIFY,部分,33,3,1,False,False,规模≈33 行；引用次数≈3（静态近似，可能包含注释/字符串）；可通过拆分/去重复/抽 helper 减少复杂度，但不建议完全内联,runner/hints_exec.py:510; kind=function; refs≈3; lines≈33
runner/hints_exec.py,function,_extract_score_from_json_obj.rec,rec,KEEP,否,16,5,0,False,False,规模≈16 行；引用次数≈5（静态近似，可能包含注释/字符串）；多点复用或涉及副作用/协议验收，过度简化会增加回归风险或降低可审计性,runner/hints_exec.py:516; kind=function; refs≈5; lines≈16
runner/hints_exec.py,function,_extract_score_from_json_file,_extract_score_from_json_file,INLINE,是,10,3,1,False,False,规模≈10 行；引用次数≈3（静态近似，可能包含注释/字符串）；逻辑短且低复用，适合 inline/合并以减少符号面,runner/hints_exec.py:544; kind=function; refs≈3; lines≈10
runner/hints_exec.py,function,_candidate_metrics_paths,_candidate_metrics_paths,KEEP,否,41,2,1,False,False,规模≈41 行；引用次数≈2（静态近似，可能包含注释/字符串）；多点复用或涉及副作用/协议验收，过度简化会增加回归风险或降低可审计性,runner/hints_exec.py:563; kind=function; refs≈2; lines≈41
runner/hints_exec.py,function,_hint_runtime_compatible,_hint_runtime_compatible,SIMPLIFY,部分,23,3,1,False,False,规模≈23 行；引用次数≈3（静态近似，可能包含注释/字符串）；可通过拆分/去重复/抽 helper 减少复杂度，但不建议完全内联,runner/hints_exec.py:599; kind=function; refs≈3; lines≈23
runner/hints_exec.py,function,normalize_hint_command,normalize_hint_command,KEEP,否,349,21,0,False,False,规模≈349 行；引用次数≈21（静态近似，可能包含注释/字符串）；多点复用或涉及副作用/协议验收，过度简化会增加回归风险或降低可审计性,runner/hints_exec.py:628; kind=function; refs≈21; lines≈349
runner/hints_exec.py,function,normalize_hint_command.bracket_repl,bracket_repl,KEEP,否,10,3,0,False,False,规模≈10 行；引用次数≈3（静态近似，可能包含注释/字符串）；多点复用或涉及副作用/协议验收，过度简化会增加回归风险或降低可审计性,runner/hints_exec.py:658; kind=function; refs≈3; lines≈10
runner/hints_exec.py,function,normalize_hint_command.gha_repl,gha_repl,KEEP,否,9,3,0,False,False,规模≈9 行；引用次数≈3（静态近似，可能包含注释/字符串）；多点复用或涉及副作用/协议验收，过度简化会增加回归风险或降低可审计性,runner/hints_exec.py:676; kind=function; refs≈3; lines≈9
runner/hints_exec.py,function,normalize_hint_command._rewrite_line,_rewrite_line,INLINE,是,19,3,0,False,False,规模≈19 行；引用次数≈3（静态近似，可能包含注释/字符串）；逻辑短且低复用，适合 inline/合并以减少符号面,runner/hints_exec.py:727; kind=function; refs≈3; lines≈19
runner/hints_exec.py,function,normalize_hint_command._maybe_rewrite_python_tools,_maybe_rewrite_python_tools,KEEP,否,66,5,0,False,False,规模≈66 行；引用次数≈5（静态近似，可能包含注释/字符串）；多点复用或涉及副作用/协议验收，过度简化会增加回归风险或降低可审计性,runner/hints_exec.py:756; kind=function; refs≈5; lines≈66
runner/hints_exec.py,function,normalize_hint_command._maybe_rewrite_python_tools._is_py,_is_py,INLINE,是,9,3,0,False,False,规模≈9 行；引用次数≈3（静态近似，可能包含注释/字符串）；逻辑短且低复用，适合 inline/合并以减少符号面,runner/hints_exec.py:770; kind=function; refs≈3; lines≈9
runner/hints_exec.py,function,normalize_hint_command._maybe_rewrite_python_tools._is_pip,_is_pip,INLINE,是,9,3,0,False,False,规模≈9 行；引用次数≈3（静态近似，可能包含注释/字符串）；逻辑短且低复用，适合 inline/合并以减少符号面,runner/hints_exec.py:780; kind=function; refs≈3; lines≈9
runner/hints_exec.py,function,normalize_hint_command._looks_like_fire_cli,_looks_like_fire_cli,SIMPLIFY,部分,30,2,0,False,False,规模≈30 行；引用次数≈2（静态近似，可能包含注释/字符串）；可通过拆分/去重复/抽 helper 减少复杂度，但不建议完全内联,runner/hints_exec.py:821; kind=function; refs≈2; lines≈30
runner/hints_exec.py,function,normalize_hint_command._maybe_normalize_fire_flag_aliases,_maybe_normalize_fire_flag_aliases,SIMPLIFY,部分,22,3,0,False,False,规模≈22 行；引用次数≈3（静态近似，可能包含注释/字符串）；可通过拆分/去重复/抽 helper 减少复杂度，但不建议完全内联,runner/hints_exec.py:851; kind=function; refs≈3; lines≈22
runner/hints_exec.py,function,normalize_hint_command._maybe_bound_openai_codegen_eval,_maybe_bound_openai_codegen_eval,SIMPLIFY,部分,34,3,0,False,False,规模≈34 行；引用次数≈3（静态近似，可能包含注释/字符串）；可通过拆分/去重复/抽 helper 减少复杂度，但不建议完全内联,runner/hints_exec.py:874; kind=function; refs≈3; lines≈34
runner/hints_exec.py,function,normalize_hint_command._strip_pytest_xdist_flags,_strip_pytest_xdist_flags,SIMPLIFY,部分,39,3,0,False,False,规模≈39 行；引用次数≈3（静态近似，可能包含注释/字符串）；可通过拆分/去重复/抽 helper 减少复杂度，但不建议完全内联,runner/hints_exec.py:915; kind=function; refs≈3; lines≈39
runner/hints_exec.py,class,HintAttempt,HintAttempt,KEEP,否,13,10,0,False,False,规模≈13 行；引用次数≈10（静态近似，可能包含注释/字符串）；多点复用或涉及副作用/协议验收，过度简化会增加回归风险或降低可审计性,runner/hints_exec.py:976; kind=class; refs≈10; lines≈13
runner/hints_exec.py,class,HintProbe,HintProbe,KEEP,否,10,8,0,False,False,规模≈10 行；引用次数≈8（静态近似，可能包含注释/字符串）；多点复用或涉及副作用/协议验收，过度简化会增加回归风险或降低可审计性,runner/hints_exec.py:992; kind=class; refs≈8; lines≈10
runner/hints_exec.py,function,_tail,_tail,KEEP,否,9,17,1,False,False,规模≈9 行；引用次数≈17（静态近似，可能包含注释/字符串）；多点复用或涉及副作用/协议验收，过度简化会增加回归风险或降低可审计性,runner/hints_exec.py:1004; kind=function; refs≈17; lines≈9
runner/hints_exec.py,function,_docker_available,_docker_available,SIMPLIFY,部分,29,2,1,False,False,规模≈29 行；引用次数≈2（静态近似，可能包含注释/字符串）；可通过拆分/去重复/抽 helper 减少复杂度，但不建议完全内联,runner/hints_exec.py:1020; kind=function; refs≈2; lines≈29
runner/hints_exec.py,function,_extract_invoked_command,_extract_invoked_command,SIMPLIFY,部分,22,3,1,False,False,规模≈22 行；引用次数≈3（静态近似，可能包含注释/字符串）；可通过拆分/去重复/抽 helper 减少复杂度，但不建议完全内联,runner/hints_exec.py:1046; kind=function; refs≈3; lines≈22
runner/hints_exec.py,function,_probe_hint_command,_probe_hint_command,KEEP,否,114,5,1,False,False,规模≈114 行；引用次数≈5（静态近似，可能包含注释/字符串）；多点复用或涉及副作用/协议验收，过度简化会增加回归风险或降低可审计性,runner/hints_exec.py:1077; kind=function; refs≈5; lines≈114
runner/hints_exec.py,function,_matched_anchors,_matched_anchors,SIMPLIFY,部分,20,5,1,False,False,规模≈20 行；引用次数≈5（静态近似，可能包含注释/字符串）；可通过拆分/去重复/抽 helper 减少复杂度，但不建议完全内联,runner/hints_exec.py:1186; kind=function; refs≈5; lines≈20
runner/hints_exec.py,function,run_hints,run_hints,KEEP,否,828,27,0,False,False,规模≈828 行；引用次数≈27（静态近似，可能包含注释/字符串）；多点复用或涉及副作用/协议验收，过度简化会增加回归风险或降低可审计性,runner/hints_exec.py:1208; kind=function; refs≈27; lines≈828
runner/hints_exec.py,function,run_hints._looks_like_py_incompat_build_failure,_looks_like_py_incompat_build_failure,INLINE,是,17,3,0,False,False,规模≈17 行；引用次数≈3（静态近似，可能包含注释/字符串）；逻辑短且低复用，适合 inline/合并以减少符号面,runner/hints_exec.py:1256; kind=function; refs≈3; lines≈17
runner/hints_exec.py,function,run_hints._ensure_uv_hint_env,_ensure_uv_hint_env,KEEP,否,74,3,0,False,False,规模≈74 行；引用次数≈3（静态近似，可能包含注释/字符串）；多点复用或涉及副作用/协议验收，过度简化会增加回归风险或降低可审计性,runner/hints_exec.py:1274; kind=function; refs≈3; lines≈74
runner/hints_exec.py,function,run_hints._priority,_priority,SIMPLIFY,部分,38,4,0,False,False,规模≈38 行；引用次数≈4（静态近似，可能包含注释/字符串）；可通过拆分/去重复/抽 helper 减少复杂度，但不建议完全内联,runner/hints_exec.py:1349; kind=function; refs≈4; lines≈38
runner/hints_exec.py,function,run_hints._looks_like_openai_codegen_eval,_looks_like_openai_codegen_eval,SIMPLIFY,部分,19,4,0,False,False,规模≈19 行；引用次数≈4（静态近似，可能包含注释/字符串）；可通过拆分/去重复/抽 helper 减少复杂度，但不建议完全内联,runner/hints_exec.py:1400; kind=function; refs≈4; lines≈19
runner/hints_exec.py,function,run_hints._hint_workdir,_hint_workdir,INLINE,是,19,3,0,False,False,规模≈19 行；引用次数≈3（静态近似，可能包含注释/字符串）；逻辑短且低复用，适合 inline/合并以减少符号面,runner/hints_exec.py:1420; kind=function; refs≈3; lines≈19
runner/hints_exec.py,function,run_hints._maybe_prepare_dataset_override,_maybe_prepare_dataset_override,SIMPLIFY,部分,142,2,0,False,False,规模≈142 行；引用次数≈2（静态近似，可能包含注释/字符串）；可通过拆分/去重复/抽 helper 减少复杂度，但不建议完全内联,runner/hints_exec.py:1447; kind=function; refs≈2; lines≈142
runner/hints_exec.py,function,run_hints._parse_pytest_counts,_parse_pytest_counts,SIMPLIFY,部分,28,3,0,False,False,规模≈28 行；引用次数≈3（静态近似，可能包含注释/字符串）；可通过拆分/去重复/抽 helper 减少复杂度，但不建议完全内联,runner/hints_exec.py:1584; kind=function; refs≈3; lines≈28
runner/hints_exec.py,function,run_hints._probe_rank,_probe_rank,INLINE,是,10,3,0,False,False,规模≈10 行；引用次数≈3（静态近似，可能包含注释/字符串）；逻辑短且低复用，适合 inline/合并以减少符号面,runner/hints_exec.py:1725; kind=function; refs≈3; lines≈10
runner/hints_exec.py,function,run_hints._hint_kind,_hint_kind,INLINE,是,15,3,0,False,False,规模≈15 行；引用次数≈3（静态近似，可能包含注释/字符串）；逻辑短且低复用，适合 inline/合并以减少符号面,runner/hints_exec.py:1738; kind=function; refs≈3; lines≈15
runner/hints_exec.py,function,run_hints._exec,_exec,SIMPLIFY,部分,27,4,0,False,False,规模≈27 行；引用次数≈4（静态近似，可能包含注释/字符串）；可通过拆分/去重复/抽 helper 减少复杂度，但不建议完全内联,runner/hints_exec.py:1828; kind=function; refs≈4; lines≈27
runner/hints_exec.py,function,main,main,KEEP,否,16,27,0,False,False,规模≈16 行；引用次数≈27（静态近似，可能包含注释/字符串）；多点复用或涉及副作用/协议验收，过度简化会增加回归风险或降低可审计性,runner/hints_exec.py:2038; kind=function; refs≈27; lines≈16
runner/opencode_client.py,function,_looks_like_transport_unavailable,_looks_like_transport_unavailable,SIMPLIFY,部分,23,2,1,False,False,规模≈23 行；引用次数≈2（静态近似，可能包含注释/字符串）；可通过拆分/去重复/抽 helper 减少复杂度，但不建议完全内联,runner/opencode_client.py:25; kind=function; refs≈2; lines≈23
runner/opencode_client.py,function,_normalize_base_url,_normalize_base_url,INLINE,是,14,2,1,False,False,规模≈14 行；引用次数≈2（静态近似，可能包含注释/字符串）；逻辑短且低复用，适合 inline/合并以减少符号面,runner/opencode_client.py:54; kind=function; refs≈2; lines≈14
runner/opencode_client.py,function,_basic_auth_value,_basic_auth_value,INLINE,是,12,2,1,False,False,规模≈12 行；引用次数≈2（静态近似，可能包含注释/字符串）；逻辑短且低复用，适合 inline/合并以减少符号面,runner/opencode_client.py:70; kind=function; refs≈2; lines≈12
runner/opencode_client.py,function,_split_model,_split_model,INLINE,是,19,2,1,False,False,规模≈19 行；引用次数≈2（静态近似，可能包含注释/字符串）；逻辑短且低复用，适合 inline/合并以减少符号面,runner/opencode_client.py:84; kind=function; refs≈2; lines≈19
runner/opencode_client.py,function,select_bash_mode,select_bash_mode,KEEP,否,16,8,0,False,False,规模≈16 行；引用次数≈8（静态近似，可能包含注释/字符串）；多点复用或涉及副作用/协议验收，过度简化会增加回归风险或降低可审计性,runner/opencode_client.py:105; kind=function; refs≈8; lines≈16
runner/opencode_client.py,function,_extract_assistant_text,_extract_assistant_text,SIMPLIFY,部分,22,2,1,False,False,规模≈22 行；引用次数≈2（静态近似，可能包含注释/字符串）；可通过拆分/去重复/抽 helper 减少复杂度，但不建议完全内联,runner/opencode_client.py:123; kind=function; refs≈2; lines≈22
runner/opencode_client.py,function,_extract_opencode_error,_extract_opencode_error,SIMPLIFY,部分,28,2,1,False,False,规模≈28 行；引用次数≈2（静态近似，可能包含注释/字符串）；可通过拆分/去重复/抽 helper 减少复杂度，但不建议完全内联,runner/opencode_client.py:147; kind=function; refs≈2; lines≈28
runner/opencode_client.py,class,OpenCodeServerConfig,OpenCodeServerConfig,KEEP,否,14,4,0,False,False,规模≈14 行；引用次数≈4（静态近似，可能包含注释/字符串）；多点复用或涉及副作用/协议验收，过度简化会增加回归风险或降低可审计性,runner/opencode_client.py:178; kind=class; refs≈4; lines≈14
runner/opencode_client.py,class,OpenCodeRequestError,OpenCodeRequestError,KEEP,否,26,18,0,False,False,规模≈26 行；引用次数≈18（静态近似，可能包含注释/字符串）；多点复用或涉及副作用/协议验收，过度简化会增加回归风险或降低可审计性,runner/opencode_client.py:194; kind=class; refs≈18; lines≈26
runner/opencode_client.py,method,OpenCodeRequestError.__init__,__init__,KEEP,是,15,1,0,False,False,规模≈15 行；引用次数≈1（静态近似，可能包含注释/字符串）；逻辑短且低复用，适合 inline/合并以减少符号面,runner/opencode_client.py:205; kind=method; refs≈1; lines≈15
runner/opencode_client.py,class,OpenCodeClient,OpenCodeClient,KEEP,否,610,23,0,False,False,规模≈610 行；引用次数≈23（静态近似，可能包含注释/字符串）；多点复用或涉及副作用/协议验收，过度简化会增加回归风险或降低可审计性,runner/opencode_client.py:222; kind=class; refs≈23; lines≈610
runner/opencode_client.py,method,OpenCodeClient.__init__,__init__,KEEP,否,109,1,0,False,False,规模≈109 行；引用次数≈1（静态近似，可能包含注释/字符串）；多点复用或涉及副作用/协议验收，过度简化会增加回归风险或降低可审计性,runner/opencode_client.py:255; kind=method; refs≈1; lines≈109
runner/opencode_client.py,method,OpenCodeClient.close,close,KEEP,否,17,10,0,False,False,规模≈17 行；引用次数≈10（静态近似，可能包含注释/字符串）；多点复用或涉及副作用/协议验收，过度简化会增加回归风险或降低可审计性,runner/opencode_client.py:343; kind=method; refs≈10; lines≈17
runner/opencode_client.py,method,OpenCodeClient._stop_local_server,_stop_local_server,SIMPLIFY,部分,40,2,0,False,False,规模≈40 行；引用次数≈2（静态近似，可能包含注释/字符串）；可通过拆分/去重复/抽 helper 减少复杂度，但不建议完全内联,runner/opencode_client.py:357; kind=method; refs≈2; lines≈40
runner/opencode_client.py,method,OpenCodeClient.run,run,KEEP,否,99,30,0,False,False,规模≈99 行；引用次数≈30（静态近似，可能包含注释/字符串）；多点复用或涉及副作用/协议验收，过度简化会增加回归风险或降低可审计性,runner/opencode_client.py:402; kind=method; refs≈30; lines≈99
runner/opencode_client.py,method,OpenCodeClient._start_local_server,_start_local_server,KEEP,否,64,2,0,False,False,规模≈64 行；引用次数≈2（静态近似，可能包含注释/字符串）；多点复用或涉及副作用/协议验收，过度简化会增加回归风险或降低可审计性,runner/opencode_client.py:509; kind=method; refs≈2; lines≈64
runner/opencode_client.py,method,OpenCodeClient._wait_for_health,_wait_for_health,INLINE,是,20,2,0,False,False,规模≈20 行；引用次数≈2（静态近似，可能包含注释/字符串）；逻辑短且低复用，适合 inline/合并以减少符号面,runner/opencode_client.py:567; kind=method; refs≈2; lines≈20
runner/opencode_client.py,method,OpenCodeClient._create_session,_create_session,INLINE,是,17,2,0,False,False,规模≈17 行；引用次数≈2（静态近似，可能包含注释/字符串）；逻辑短且低复用，适合 inline/合并以减少符号面,runner/opencode_client.py:588; kind=method; refs≈2; lines≈17
runner/opencode_client.py,method,OpenCodeClient._sleep_retry_backoff,_sleep_retry_backoff,INLINE,是,16,1,0,False,False,规模≈16 行；引用次数≈1（静态近似，可能包含注释/字符串）；逻辑短且低复用，适合 inline/合并以减少符号面,runner/opencode_client.py:606; kind=method; refs≈1; lines≈16
runner/opencode_client.py,method,OpenCodeClient._sleep_session_recover_backoff,_sleep_session_recover_backoff,INLINE,是,11,1,0,False,False,规模≈11 行；引用次数≈1（静态近似，可能包含注释/字符串）；逻辑短且低复用，适合 inline/合并以减少符号面,runner/opencode_client.py:618; kind=method; refs≈1; lines≈11
runner/opencode_client.py,method,OpenCodeClient._is_transport_unavailable_error,_is_transport_unavailable_error,INLINE,是,8,1,0,False,False,规模≈8 行；引用次数≈1（静态近似，可能包含注释/字符串）；逻辑短且低复用，适合 inline/合并以减少符号面,runner/opencode_client.py:630; kind=method; refs≈1; lines≈8
runner/opencode_client.py,method,OpenCodeClient._recover_local_server_session,_recover_local_server_session,SIMPLIFY,部分,22,1,0,False,False,规模≈22 行；引用次数≈1（静态近似，可能包含注释/字符串）；可通过拆分/去重复/抽 helper 减少复杂度，但不建议完全内联,runner/opencode_client.py:640; kind=method; refs≈1; lines≈22
runner/opencode_client.py,method,OpenCodeClient._should_retry_request_error,_should_retry_request_error,INLINE,是,19,1,0,False,False,规模≈19 行；引用次数≈1（静态近似，可能包含注释/字符串）；逻辑短且低复用，适合 inline/合并以减少符号面,runner/opencode_client.py:667; kind=method; refs≈1; lines≈19
runner/opencode_client.py,method,OpenCodeClient._clip_prompt_text,_clip_prompt_text,INLINE,是,20,1,0,False,False,规模≈20 行；引用次数≈1（静态近似，可能包含注释/字符串）；逻辑短且低复用，适合 inline/合并以减少符号面,runner/opencode_client.py:687; kind=method; refs≈1; lines≈20
runner/opencode_client.py,method,OpenCodeClient._post_message_with_retry,_post_message_with_retry,KEEP,否,50,4,0,False,False,规模≈50 行；引用次数≈4（静态近似，可能包含注释/字符串）；多点复用或涉及副作用/协议验收，过度简化会增加回归风险或降低可审计性,runner/opencode_client.py:708; kind=method; refs≈4; lines≈50
runner/opencode_client.py,method,OpenCodeClient._post_message,_post_message,SIMPLIFY,部分,31,2,0,False,False,规模≈31 行；引用次数≈2（静态近似，可能包含注释/字符串）；可通过拆分/去重复/抽 helper 减少复杂度，但不建议完全内联,runner/opencode_client.py:759; kind=method; refs≈2; lines≈31
runner/opencode_client.py,method,OpenCodeClient._request_json,_request_json,KEEP,否,41,4,0,False,False,规模≈41 行；引用次数≈4（静态近似，可能包含注释/字符串）；多点复用或涉及副作用/协议验收，过度简化会增加回归风险或降低可审计性,runner/opencode_client.py:791; kind=method; refs≈4; lines≈41
runner/opencode_tooling.py,class,ToolCall,ToolCall,KEEP,否,14,21,0,False,False,规模≈14 行；引用次数≈21（静态近似，可能包含注释/字符串）；多点复用或涉及副作用/协议验收，过度简化会增加回归风险或降低可审计性,runner/opencode_tooling.py:23; kind=class; refs≈21; lines≈14
runner/opencode_tooling.py,class,ToolResult,ToolResult,KEEP,否,14,28,0,False,False,规模≈14 行；引用次数≈28（静态近似，可能包含注释/字符串）；多点复用或涉及副作用/协议验收，过度简化会增加回归风险或降低可审计性,runner/opencode_tooling.py:40; kind=class; refs≈28; lines≈14
runner/opencode_tooling.py,function,_xml_unescape,_xml_unescape,KEEP,否,19,7,1,False,False,规模≈19 行；引用次数≈7（静态近似，可能包含注释/字符串）；多点复用或涉及副作用/协议验收，过度简化会增加回归风险或降低可审计性,runner/opencode_tooling.py:67; kind=function; refs≈7; lines≈19
runner/opencode_tooling.py,function,_decode_attr_value,_decode_attr_value,SIMPLIFY,部分,26,4,1,False,False,规模≈26 行；引用次数≈4（静态近似，可能包含注释/字符串）；可通过拆分/去重复/抽 helper 减少复杂度，但不建议完全内联,runner/opencode_tooling.py:88; kind=function; refs≈4; lines≈26
runner/opencode_tooling.py,function,_parse_attrs,_parse_attrs,KEEP,否,59,2,1,False,False,规模≈59 行；引用次数≈2（静态近似，可能包含注释/字符串）；多点复用或涉及副作用/协议验收，过度简化会增加回归风险或降低可审计性,runner/opencode_tooling.py:112; kind=function; refs≈2; lines≈59
runner/opencode_tooling.py,function,_extract_attr_loose,_extract_attr_loose,KEEP,否,40,6,1,False,False,规模≈40 行；引用次数≈6（静态近似，可能包含注释/字符串）；多点复用或涉及副作用/协议验收，过度简化会增加回归风险或降低可审计性,runner/opencode_tooling.py:177; kind=function; refs≈6; lines≈40
runner/opencode_tooling.py,function,_try_json,_try_json,KEEP,否,96,7,1,False,False,规模≈96 行；引用次数≈7（静态近似，可能包含注释/字符串）；多点复用或涉及副作用/协议验收，过度简化会增加回归风险或降低可审计性,runner/opencode_tooling.py:219; kind=function; refs≈7; lines≈96
runner/opencode_tooling.py,function,_try_json._repair_invalid_string_escapes,_repair_invalid_string_escapes,KEEP,否,46,4,0,False,False,规模≈46 行；引用次数≈4（静态近似，可能包含注释/字符串）；多点复用或涉及副作用/协议验收，过度简化会增加回归风险或降低可审计性,runner/opencode_tooling.py:236; kind=function; refs≈4; lines≈46
runner/opencode_tooling.py,function,_extract_json_object,_extract_json_object,SIMPLIFY,部分,35,2,1,False,False,规模≈35 行；引用次数≈2（静态近似，可能包含注释/字符串）；可通过拆分/去重复/抽 helper 减少复杂度，但不建议完全内联,runner/opencode_tooling.py:313; kind=function; refs≈2; lines≈35
runner/opencode_tooling.py,function,_find_tag_gt,_find_tag_gt,SIMPLIFY,部分,32,2,1,False,False,规模≈32 行；引用次数≈2（静态近似，可能包含注释/字符串）；可通过拆分/去重复/抽 helper 减少复杂度，但不建议完全内联,runner/opencode_tooling.py:350; kind=function; refs≈2; lines≈32
runner/opencode_tooling.py,function,_iter_attr_tags,_iter_attr_tags,KEEP,否,41,2,1,False,False,规模≈41 行；引用次数≈2（静态近似，可能包含注释/字符串）；多点复用或涉及副作用/协议验收，过度简化会增加回归风险或降低可审计性,runner/opencode_tooling.py:388; kind=function; refs≈2; lines≈41
runner/opencode_tooling.py,function,parse_tool_calls,parse_tool_calls,KEEP,否,191,28,0,False,False,规模≈191 行；引用次数≈28（静态近似，可能包含注释/字符串）；多点复用或涉及副作用/协议验收，过度简化会增加回归风险或降低可审计性,runner/opencode_tooling.py:445; kind=function; refs≈28; lines≈191
runner/opencode_tooling.py,function,_is_env_like,_is_env_like,SIMPLIFY,部分,20,4,1,False,False,规模≈20 行；引用次数≈4（静态近似，可能包含注释/字符串）；可通过拆分/去重复/抽 helper 减少复杂度，但不建议完全内联,runner/opencode_tooling.py:624; kind=function; refs≈4; lines≈20
runner/opencode_tooling.py,function,_within_root,_within_root,KEEP,否,15,6,1,False,False,规模≈15 行；引用次数≈6（静态近似，可能包含注释/字符串）；多点复用或涉及副作用/协议验收，过度简化会增加回归风险或降低可审计性,runner/opencode_tooling.py:646; kind=function; refs≈6; lines≈15
runner/opencode_tooling.py,function,_sanitized_env,_sanitized_env,SIMPLIFY,部分,24,3,1,False,False,规模≈24 行；引用次数≈3（静态近似，可能包含注释/字符串）；可通过拆分/去重复/抽 helper 减少复杂度，但不建议完全内联,runner/opencode_tooling.py:663; kind=function; refs≈3; lines≈24
runner/opencode_tooling.py,function,_restricted_bash_allowed,_restricted_bash_allowed,KEEP,否,57,3,1,False,False,规模≈57 行；引用次数≈3（静态近似，可能包含注释/字符串）；多点复用或涉及副作用/协议验收，过度简化会增加回归风险或降低可审计性,runner/opencode_tooling.py:689; kind=function; refs≈3; lines≈57
runner/opencode_tooling.py,class,ToolPolicy,ToolPolicy,KEEP,否,109,15,0,False,False,规模≈109 行；引用次数≈15（静态近似，可能包含注释/字符串）；多点复用或涉及副作用/协议验收，过度简化会增加回归风险或降低可审计性,runner/opencode_tooling.py:749; kind=class; refs≈15; lines≈109
runner/opencode_tooling.py,method,ToolPolicy.allow_file_read,allow_file_read,KEEP,否,15,1,0,False,False,规模≈15 行；引用次数≈1（静态近似，可能包含注释/字符串）；多点复用或涉及副作用/协议验收，过度简化会增加回归风险或降低可审计性,runner/opencode_tooling.py:767; kind=method; refs≈1; lines≈15
runner/opencode_tooling.py,method,ToolPolicy.allow_file_write,allow_file_write,KEEP,否,51,11,0,False,False,规模≈51 行；引用次数≈11（静态近似，可能包含注释/字符串）；多点复用或涉及副作用/协议验收，过度简化会增加回归风险或降低可审计性,runner/opencode_tooling.py:787; kind=method; refs≈11; lines≈51
runner/opencode_tooling.py,method,ToolPolicy.allow_bash,allow_bash,KEEP,否,23,2,0,False,False,规模≈23 行；引用次数≈2（静态近似，可能包含注释/字符串）；多点复用或涉及副作用/协议验收，过度简化会增加回归风险或降低可审计性,runner/opencode_tooling.py:835; kind=method; refs≈2; lines≈23
runner/opencode_tooling.py,function,execute_tool_calls,execute_tool_calls,SIMPLIFY,部分,286,8,0,False,False,规模≈286 行；引用次数≈8（静态近似，可能包含注释/字符串）；可通过拆分/去重复/抽 helper 减少复杂度，但不建议完全内联,runner/opencode_tooling.py:867; kind=function; refs≈8; lines≈286
runner/opencode_tooling.py,function,format_tool_results,format_tool_results,KEEP,否,17,3,0,False,False,规模≈17 行；引用次数≈3（静态近似，可能包含注释/字符串）；多点复用或涉及副作用/协议验收，过度简化会增加回归风险或降低可审计性,runner/opencode_tooling.py:1148; kind=function; refs≈3; lines≈17
runner/paths.py,function,is_relative_to,is_relative_to,KEEP,否,15,6,0,False,False,规模≈15 行；引用次数≈6（静态近似，可能包含注释/字符串）；多点复用或涉及副作用/协议验收，过度简化会增加回归风险或降低可审计性,runner/paths.py:12; kind=function; refs≈6; lines≈15
runner/paths.py,function,relpath_or_none,relpath_or_none,KEEP,否,13,1,0,False,False,规模≈13 行；引用次数≈1（静态近似，可能包含注释/字符串）；多点复用或涉及副作用/协议验收，过度简化会增加回归风险或降低可审计性,runner/paths.py:29; kind=function; refs≈1; lines≈13
runner/paths.py,function,resolve_config_path,resolve_config_path,KEEP,否,14,1,0,False,False,规模≈14 行；引用次数≈1（静态近似，可能包含注释/字符串）；多点复用或涉及副作用/协议验收，过度简化会增加回归风险或降低可审计性,runner/paths.py:44; kind=function; refs≈1; lines≈14
runner/paths.py,function,resolve_workdir,resolve_workdir,KEEP,否,19,8,0,False,False,规模≈19 行；引用次数≈8（静态近似，可能包含注释/字符串）；多点复用或涉及副作用/协议验收，过度简化会增加回归风险或降低可审计性,runner/paths.py:60; kind=function; refs≈8; lines≈19
runner/pipeline_spec.py,class,PipelineSpec,PipelineSpec,KEEP,否,120,48,0,False,False,规模≈120 行；引用次数≈48（静态近似，可能包含注释/字符串）；多点复用或涉及副作用/协议验收，过度简化会增加回归风险或降低可审计性,runner/pipeline_spec.py:24; kind=class; refs≈48; lines≈120
runner/pipeline_spec.py,method,PipelineSpec.__post_init__,__post_init__,KEEP,部分,29,0,0,False,False,规模≈29 行；引用次数≈0（静态近似，可能包含注释/字符串）；可通过拆分/去重复/抽 helper 减少复杂度，但不建议完全内联,runner/pipeline_spec.py:108; kind=method; refs≈0; lines≈29
runner/pipeline_spec.py,function,load_pipeline_spec,load_pipeline_spec,KEEP,否,203,13,0,False,False,规模≈203 行；引用次数≈13（静态近似，可能包含注释/字符串）；多点复用或涉及副作用/协议验收，过度简化会增加回归风险或降低可审计性,runner/pipeline_spec.py:139; kind=function; refs≈13; lines≈203
runner/pipeline_spec.py,function,load_pipeline_spec._as_mapping,_as_mapping,KEEP,否,15,11,0,False,False,规模≈15 行；引用次数≈11（静态近似，可能包含注释/字符串）；多点复用或涉及副作用/协议验收，过度简化会增加回归风险或降低可审计性,runner/pipeline_spec.py:165; kind=function; refs≈11; lines≈15
runner/pipeline_spec.py,function,load_pipeline_spec._as_env,_as_env,KEEP,否,23,7,0,False,False,规模≈23 行；引用次数≈7（静态近似，可能包含注释/字符串）；多点复用或涉及副作用/协议验收，过度简化会增加回归风险或降低可审计性,runner/pipeline_spec.py:181; kind=function; refs≈7; lines≈23
runner/pipeline_spec.py,function,load_pipeline_spec._as_cmds,_as_cmds,KEEP,否,21,9,0,False,False,规模≈21 行；引用次数≈9（静态近似，可能包含注释/字符串）；多点复用或涉及副作用/协议验收，过度简化会增加回归风险或降低可审计性,runner/pipeline_spec.py:205; kind=function; refs≈9; lines≈21
runner/pipeline_verify.py,function,stage_rc,stage_rc,KEEP,否,17,1,0,False,False,规模≈17 行；引用次数≈1（静态近似，可能包含注释/字符串）；多点复用或涉及副作用/协议验收，过度简化会增加回归风险或降低可审计性,runner/pipeline_verify.py:34; kind=function; refs≈1; lines≈17
runner/pipeline_verify.py,function,stage_failed_cmd,stage_failed_cmd,KEEP,否,15,2,0,False,False,规模≈15 行；引用次数≈2（静态近似，可能包含注释/字符串）；多点复用或涉及副作用/协议验收，过度简化会增加回归风险或降低可审计性,runner/pipeline_verify.py:53; kind=function; refs≈2; lines≈15
runner/pipeline_verify.py,function,_read_json,_read_json,KEEP,否,21,10,1,False,False,规模≈21 行；引用次数≈10（静态近似，可能包含注释/字符串）；多点复用或涉及副作用/协议验收，过度简化会增加回归风险或降低可审计性,runner/pipeline_verify.py:70; kind=function; refs≈10; lines≈21
runner/pipeline_verify.py,function,_validate_metrics,_validate_metrics,INLINE,是,15,3,1,False,False,规模≈15 行；引用次数≈3（静态近似，可能包含注释/字符串）；逻辑短且低复用，适合 inline/合并以减少符号面,runner/pipeline_verify.py:93; kind=function; refs≈3; lines≈15
runner/pipeline_verify.py,function,_validate_hints_used,_validate_hints_used,SIMPLIFY,部分,35,2,1,False,False,规模≈35 行；引用次数≈2（静态近似，可能包含注释/字符串）；可通过拆分/去重复/抽 helper 减少复杂度，但不建议完全内联,runner/pipeline_verify.py:106; kind=function; refs≈2; lines≈35
runner/pipeline_verify.py,function,_validate_hints_run,_validate_hints_run,SIMPLIFY,部分,39,2,1,False,False,规模≈39 行；引用次数≈2（静态近似，可能包含注释/字符串）；可通过拆分/去重复/抽 helper 减少复杂度，但不建议完全内联,runner/pipeline_verify.py:143; kind=function; refs≈2; lines≈39
runner/pipeline_verify.py,function,_dump_kubectl,_dump_kubectl,KEEP,否,42,2,1,False,False,规模≈42 行；引用次数≈2（静态近似，可能包含注释/字符串）；多点复用或涉及副作用/协议验收，过度简化会增加回归风险或降低可审计性,runner/pipeline_verify.py:195; kind=function; refs≈2; lines≈42
runner/pipeline_verify.py,function,_run_stage,_run_stage,KEEP,否,110,9,1,False,False,规模≈110 行；引用次数≈9（静态近似，可能包含注释/字符串）；多点复用或涉及副作用/协议验收，过度简化会增加回归风险或降低可审计性,runner/pipeline_verify.py:245; kind=function; refs≈9; lines≈110
runner/pipeline_verify.py,function,run_pipeline_verification,run_pipeline_verification,KEEP,否,694,31,0,False,False,规模≈694 行；引用次数≈31（静态近似，可能包含注释/字符串）；多点复用或涉及副作用/协议验收，过度简化会增加回归风险或降低可审计性,runner/pipeline_verify.py:354; kind=function; refs≈31; lines≈694
runner/pipeline_verify.py,function,run_pipeline_verification._teardown_allowed,_teardown_allowed,SIMPLIFY,部分,21,2,0,False,False,规模≈21 行；引用次数≈2（静态近似，可能包含注释/字符串）；可通过拆分/去重复/抽 helper 减少复杂度，但不建议完全内联,runner/pipeline_verify.py:382; kind=function; refs≈2; lines≈21
runner/pipeline_verify.py,function,run_pipeline_verification._env_get,_env_get,SIMPLIFY,部分,22,3,0,False,False,规模≈22 行；引用次数≈3（静态近似，可能包含注释/字符串）；可通过拆分/去重复/抽 helper 减少复杂度，但不建议完全内联,runner/pipeline_verify.py:422; kind=function; refs≈3; lines≈22
runner/pipeline_verify.py,function,run_pipeline_verification._env_int,_env_int,KEEP,否,13,7,1,False,False,规模≈13 行；引用次数≈7（静态近似，可能包含注释/字符串）；多点复用或涉及副作用/协议验收，过度简化会增加回归风险或降低可审计性,runner/pipeline_verify.py:445; kind=function; refs≈7; lines≈13
runner/pipeline_verify.py,function,run_pipeline_verification._workdir_or_fail,_workdir_or_fail,KEEP,否,16,9,0,False,False,规模≈16 行；引用次数≈9（静态近似，可能包含注释/字符串）；多点复用或涉及副作用/协议验收，过度简化会增加回归风险或降低可审计性,runner/pipeline_verify.py:474; kind=function; refs≈9; lines≈16
runner/pipeline_verify.py,function,fmt_stage_tail,fmt_stage_tail,KEEP,否,18,10,0,False,False,规模≈18 行；引用次数≈10（静态近似，可能包含注释/字符串）；多点复用或涉及副作用/协议验收，过度简化会增加回归风险或降低可审计性,runner/pipeline_verify.py:1040; kind=function; refs≈10; lines≈18
runner/prompts.py,function,make_plan_update_prompt,make_plan_update_prompt,KEEP,否,44,1,0,False,False,规模≈44 行；引用次数≈1（静态近似，可能包含注释/字符串）；多点复用或涉及副作用/协议验收，过度简化会增加回归风险或降低可审计性,runner/prompts.py:17; kind=function; refs≈1; lines≈44
runner/prompts.py,function,make_execute_prompt,make_execute_prompt,KEEP,否,34,1,0,False,False,规模≈34 行；引用次数≈1（静态近似，可能包含注释/字符串）；多点复用或涉及副作用/协议验收，过度简化会增加回归风险或降低可审计性,runner/prompts.py:63; kind=function; refs≈1; lines≈34
runner/prompts.py,function,make_scaffold_contract_prompt,make_scaffold_contract_prompt,SIMPLIFY,部分,239,10,0,False,False,规模≈239 行；引用次数≈10（静态近似，可能包含注释/字符串）；可通过拆分/去重复/抽 helper 减少复杂度，但不建议完全内联,runner/prompts.py:105; kind=function; refs≈10; lines≈239
runner/prompts.py,function,make_scaffold_contract_retry_prompt,make_scaffold_contract_retry_prompt,KEEP,否,42,5,0,False,False,规模≈42 行；引用次数≈5（静态近似，可能包含注释/字符串）；多点复用或涉及副作用/协议验收，过度简化会增加回归风险或降低可审计性,runner/prompts.py:345; kind=function; refs≈5; lines≈42
runner/prompts.py,function,make_fix_or_replan_prompt,make_fix_or_replan_prompt,KEEP,否,64,1,0,False,False,规模≈64 行；引用次数≈1（静态近似，可能包含注释/字符串）；多点复用或涉及副作用/协议验收，过度简化会增加回归风险或降低可审计性,runner/prompts.py:390; kind=function; refs≈1; lines≈64
runner/prompts.py,function,make_mark_done_prompt,make_mark_done_prompt,KEEP,否,16,1,0,False,False,规模≈16 行；引用次数≈1（静态近似，可能包含注释/字符串）；多点复用或涉及副作用/协议验收，过度简化会增加回归风险或降低可审计性,runner/prompts.py:450; kind=function; refs≈1; lines≈16
runner/prompts.py,function,make_block_step_prompt,make_block_step_prompt,KEEP,否,20,1,0,False,False,规模≈20 行；引用次数≈1（静态近似，可能包含注释/字符串）；多点复用或涉及副作用/协议验收，过度简化会增加回归风险或降低可审计性,runner/prompts.py:468; kind=function; refs≈1; lines≈20
runner/repo_resolver.py,function,_default_clones_base,_default_clones_base,SIMPLIFY,部分,25,3,1,False,False,规模≈25 行；引用次数≈3（静态近似，可能包含注释/字符串）；可通过拆分/去重复/抽 helper 减少复杂度，但不建议完全内联,runner/repo_resolver.py:26; kind=function; refs≈3; lines≈25
runner/repo_resolver.py,function,is_probably_repo_url,is_probably_repo_url,KEEP,否,20,5,0,False,False,规模≈20 行；引用次数≈5（静态近似，可能包含注释/字符串）；多点复用或涉及副作用/协议验收，过度简化会增加回归风险或降低可审计性,runner/repo_resolver.py:57; kind=function; refs≈5; lines≈20
runner/repo_resolver.py,function,normalize_repo_url,normalize_repo_url,KEEP,否,15,2,0,False,False,规模≈15 行；引用次数≈2（静态近似，可能包含注释/字符串）；多点复用或涉及副作用/协议验收，过度简化会增加回归风险或降低可审计性,runner/repo_resolver.py:75; kind=function; refs≈2; lines≈15
runner/repo_resolver.py,function,_repo_slug,_repo_slug,SIMPLIFY,部分,22,2,1,False,False,规模≈22 行；引用次数≈2（静态近似，可能包含注释/字符串）；可通过拆分/去重复/抽 helper 减少复杂度，但不建议完全内联,runner/repo_resolver.py:96; kind=function; refs≈2; lines≈22
runner/repo_resolver.py,function,_parse_github_owner_repo,_parse_github_owner_repo,SIMPLIFY,部分,36,2,1,False,False,规模≈36 行；引用次数≈2（静态近似，可能包含注释/字符串）；可通过拆分/去重复/抽 helper 减少复杂度，但不建议完全内联,runner/repo_resolver.py:120; kind=function; refs≈2; lines≈36
runner/repo_resolver.py,function,_download_file,_download_file,KEEP,否,48,3,1,False,False,规模≈48 行；引用次数≈3（静态近似，可能包含注释/字符串）；多点复用或涉及副作用/协议验收，过度简化会增加回归风险或降低可审计性,runner/repo_resolver.py:165; kind=function; refs≈3; lines≈48
runner/repo_resolver.py,function,_extract_github_zip,_extract_github_zip,SIMPLIFY,部分,27,2,1,False,False,规模≈27 行；引用次数≈2（静态近似，可能包含注释/字符串）；可通过拆分/去重复/抽 helper 减少复杂度，但不建议完全内联,runner/repo_resolver.py:208; kind=function; refs≈2; lines≈27
runner/repo_resolver.py,function,_parse_hf_dataset,_parse_hf_dataset,SIMPLIFY,部分,26,2,1,False,False,规模≈26 行；引用次数≈2（静态近似，可能包含注释/字符串）；可通过拆分/去重复/抽 helper 减少复杂度，但不建议完全内联,runner/repo_resolver.py:237; kind=function; refs≈2; lines≈26
runner/repo_resolver.py,function,_hf_dataset_api_info,_hf_dataset_api_info,SIMPLIFY,部分,27,2,1,False,False,规模≈27 行；引用次数≈2（静态近似，可能包含注释/字符串）；可通过拆分/去重复/抽 helper 减少复杂度，但不建议完全内联,runner/repo_resolver.py:271; kind=function; refs≈2; lines≈27
runner/repo_resolver.py,function,_download_hf_dataset_snapshot,_download_hf_dataset_snapshot,SIMPLIFY,部分,128,2,1,False,False,规模≈128 行；引用次数≈2（静态近似，可能包含注释/字符串）；可通过拆分/去重复/抽 helper 减少复杂度，但不建议完全内联,runner/repo_resolver.py:305; kind=function; refs≈2; lines≈128
runner/repo_resolver.py,function,_archive_clone_github,_archive_clone_github,KEEP,否,69,2,1,False,False,规模≈69 行；引用次数≈2（静态近似，可能包含注释/字符串）；多点复用或涉及副作用/协议验收，过度简化会增加回归风险或降低可审计性,runner/repo_resolver.py:430; kind=function; refs≈2; lines≈69
runner/repo_resolver.py,class,PreparedRepo,PreparedRepo,KEEP,否,13,8,0,False,False,规模≈13 行；引用次数≈8（静态近似，可能包含注释/字符串）；多点复用或涉及副作用/协议验收，过度简化会增加回归风险或降低可审计性,runner/repo_resolver.py:496; kind=class; refs≈8; lines≈13
runner/repo_resolver.py,function,_find_reusable_clone,_find_reusable_clone,KEEP,否,49,4,1,False,False,规模≈49 行；引用次数≈4（静态近似，可能包含注释/字符串）；多点复用或涉及副作用/协议验收，过度简化会增加回归风险或降低可审计性,runner/repo_resolver.py:513; kind=function; refs≈4; lines≈49
runner/repo_resolver.py,function,_find_reusable_clone._mtime,_mtime,KEEP,否,9,6,0,False,False,规模≈9 行；引用次数≈6（静态近似，可能包含注释/字符串）；多点复用或涉及副作用/协议验收，过度简化会增加回归风险或降低可审计性,runner/repo_resolver.py:543; kind=function; refs≈6; lines≈9
runner/repo_resolver.py,function,prepare_repo,prepare_repo,KEEP,否,120,12,0,False,False,规模≈120 行；引用次数≈12（静态近似，可能包含注释/字符串）；多点复用或涉及副作用/协议验收，过度简化会增加回归风险或降低可审计性,runner/repo_resolver.py:565; kind=function; refs≈12; lines≈120
runner/scaffold_validation.py,class,ScaffoldValidationReport,ScaffoldValidationReport,KEEP,否,49,6,0,False,False,规模≈49 行；引用次数≈6（静态近似，可能包含注释/字符串）；多点复用或涉及副作用/协议验收，过度简化会增加回归风险或降低可审计性,runner/scaffold_validation.py:17; kind=class; refs≈6; lines≈49
runner/scaffold_validation.py,method,ScaffoldValidationReport.__post_init__,__post_init__,KEEP,是,15,0,0,False,False,规模≈15 行；引用次数≈0（静态近似，可能包含注释/字符串）；逻辑短且低复用，适合 inline/合并以减少符号面,runner/scaffold_validation.py:29; kind=method; refs≈0; lines≈15
runner/scaffold_validation.py,method,ScaffoldValidationReport.errors,errors,KEEP,否,11,0,0,False,False,规模≈11 行；引用次数≈0（静态近似，可能包含注释/字符串）；多点复用或涉及副作用/协议验收，过度简化会增加回归风险或降低可审计性,runner/scaffold_validation.py:46; kind=method; refs≈0; lines≈11
runner/scaffold_validation.py,method,ScaffoldValidationReport.ok,ok,SIMPLIFY,是,6,0,0,False,False,规模≈6 行；引用次数≈0（静态近似，可能包含注释/字符串）；逻辑短且低复用，适合 inline/合并以减少符号面,runner/scaffold_validation.py:59; kind=method; refs≈0; lines≈6
runner/scaffold_validation.py,function,validate_scaffolded_pipeline,validate_scaffolded_pipeline,KEEP,否,41,2,0,False,False,规模≈41 行；引用次数≈2（静态近似，可能包含注释/字符串）；多点复用或涉及副作用/协议验收，过度简化会增加回归风险或降低可审计性,runner/scaffold_validation.py:85; kind=function; refs≈2; lines≈41
runner/scaffold_validation.py,function,validate_scaffolded_files,validate_scaffolded_files,KEEP,否,25,2,0,False,False,规模≈25 行；引用次数≈2（静态近似，可能包含注释/字符串）；多点复用或涉及副作用/协议验收，过度简化会增加回归风险或降低可审计性,runner/scaffold_validation.py:121; kind=function; refs≈2; lines≈25
runner/scaffold_validation.py,function,validate_scaffolded_stage_scripts,validate_scaffolded_stage_scripts,KEEP,否,81,2,0,False,False,规模≈81 行；引用次数≈2（静态近似，可能包含注释/字符串）；多点复用或涉及副作用/协议验收，过度简化会增加回归风险或降低可审计性,runner/scaffold_validation.py:144; kind=function; refs≈2; lines≈81
runner/scaffold_validation.py,function,validate_scaffolded_bootstrap,validate_scaffolded_bootstrap,KEEP,否,22,2,0,False,False,规模≈22 行；引用次数≈2（静态近似，可能包含注释/字符串）；多点复用或涉及副作用/协议验收，过度简化会增加回归风险或降低可审计性,runner/scaffold_validation.py:227; kind=function; refs≈2; lines≈22
runner/scaffold_validation.py,function,validate_scaffold_contract,validate_scaffold_contract,KEEP,否,22,11,0,False,False,规模≈22 行；引用次数≈11（静态近似，可能包含注释/字符串）；多点复用或涉及副作用/协议验收，过度简化会增加回归风险或降低可审计性,runner/scaffold_validation.py:256; kind=function; refs≈11; lines≈22
runner/security.py,function,compile_patterns,compile_patterns,KEEP,否,20,6,0,False,False,规模≈20 行；引用次数≈6（静态近似，可能包含注释/字符串）；多点复用或涉及副作用/协议验收，过度简化会增加回归风险或降低可审计性,runner/security.py:58; kind=function; refs≈6; lines≈20
runner/security.py,function,matches_any,matches_any,KEEP,否,14,6,0,False,False,规模≈14 行；引用次数≈6（静态近似，可能包含注释/字符串）；多点复用或涉及副作用/协议验收，过度简化会增加回归风险或降低可审计性,runner/security.py:80; kind=function; refs≈6; lines≈14
runner/security.py,function,looks_interactive,looks_interactive,KEEP,否,20,8,0,False,False,规模≈20 行；引用次数≈8（静态近似，可能包含注释/字符串）；多点复用或涉及副作用/协议验收，过度简化会增加回归风险或降低可审计性,runner/security.py:96; kind=function; refs≈8; lines≈20
runner/security.py,function,safe_env,safe_env,KEEP,否,18,15,0,False,False,规模≈18 行；引用次数≈15（静态近似，可能包含注释/字符串）；多点复用或涉及副作用/协议验收，过度简化会增加回归风险或降低可审计性,runner/security.py:118; kind=function; refs≈15; lines≈18
runner/security.py,function,cmd_allowed,cmd_allowed,KEEP,否,46,11,0,False,False,规模≈46 行；引用次数≈11（静态近似，可能包含注释/字符串）；多点复用或涉及副作用/协议验收，过度简化会增加回归风险或降低可审计性,runner/security.py:138; kind=function; refs≈11; lines≈46
runner/security.py,function,audit_bash_script,audit_bash_script,KEEP,否,84,3,0,False,False,规模≈84 行；引用次数≈3（静态近似，可能包含注释/字符串）；多点复用或涉及副作用/协议验收，过度简化会增加回归风险或降低可审计性,runner/security.py:195; kind=function; refs≈3; lines≈84
runner/subprocess_utils.py,function,tail,tail,KEEP,否,13,50,0,False,False,规模≈13 行；引用次数≈50（静态近似，可能包含注释/字符串）；多点复用或涉及副作用/协议验收，过度简化会增加回归风险或降低可审计性,runner/subprocess_utils.py:21; kind=function; refs≈50; lines≈13
runner/subprocess_utils.py,function,run_cmd,run_cmd,KEEP,否,18,5,0,False,False,规模≈18 行；引用次数≈5（静态近似，可能包含注释/字符串）；多点复用或涉及副作用/协议验收，过度简化会增加回归风险或降低可审计性,runner/subprocess_utils.py:36; kind=function; refs≈5; lines≈18
runner/subprocess_utils.py,function,run_cmd_capture,run_cmd_capture,KEEP,否,43,10,0,False,False,规模≈43 行；引用次数≈10（静态近似，可能包含注释/字符串）；多点复用或涉及副作用/协议验收，过度简化会增加回归风险或降低可审计性,runner/subprocess_utils.py:63; kind=function; refs≈10; lines≈43
runner/subprocess_utils.py,function,limit_text,limit_text,KEEP,否,13,2,0,False,False,规模≈13 行；引用次数≈2（静态近似，可能包含注释/字符串）；多点复用或涉及副作用/协议验收，过度简化会增加回归风险或降低可审计性,runner/subprocess_utils.py:101; kind=function; refs≈2; lines≈13
runner/subprocess_utils.py,function,write_text,write_text,KEEP,否,12,101,0,False,False,规模≈12 行；引用次数≈101（静态近似，可能包含注释/字符串）；多点复用或涉及副作用/协议验收，过度简化会增加回归风险或降低可审计性,runner/subprocess_utils.py:116; kind=function; refs≈101; lines≈12
runner/subprocess_utils.py,function,write_json,write_json,KEEP,否,12,12,0,False,False,规模≈12 行；引用次数≈12（静态近似，可能包含注释/字符串）；多点复用或涉及副作用/协议验收，过度简化会增加回归风险或降低可审计性,runner/subprocess_utils.py:130; kind=function; refs≈12; lines≈12
runner/subprocess_utils.py,function,read_text_if_exists,read_text_if_exists,KEEP,否,13,10,0,False,False,规模≈13 行；引用次数≈10（静态近似，可能包含注释/字符串）；多点复用或涉及副作用/协议验收，过度简化会增加回归风险或降低可审计性,runner/subprocess_utils.py:144; kind=function; refs≈10; lines≈13
runner/subprocess_utils.py,function,write_cmd_artifacts,write_cmd_artifacts,KEEP,否,17,17,0,False,False,规模≈17 行；引用次数≈17（静态近似，可能包含注释/字符串）；多点复用或涉及副作用/协议验收，过度简化会增加回归风险或降低可审计性,runner/subprocess_utils.py:159; kind=function; refs≈17; lines≈17
runner/types.py,class,CmdResult,CmdResult,KEEP,否,16,24,0,False,False,规模≈16 行；引用次数≈24（静态近似，可能包含注释/字符串）；多点复用或涉及副作用/协议验收，过度简化会增加回归风险或降低可审计性,runner/types.py:14; kind=class; refs≈24; lines≈16
runner/types.py,class,StageResult,StageResult,KEEP,否,14,33,0,False,False,规模≈14 行；引用次数≈33（静态近似，可能包含注释/字符串）；多点复用或涉及副作用/协议验收，过度简化会增加回归风险或降低可审计性,runner/types.py:33; kind=class; refs≈33; lines≈14
runner/types.py,class,VerificationResult,VerificationResult,KEEP,否,24,41,0,False,False,规模≈24 行；引用次数≈41（静态近似，可能包含注释/字符串）；多点复用或涉及副作用/协议验收，过度简化会增加回归风险或降低可审计性,runner/types.py:50; kind=class; refs≈41; lines≈24
